1,2,3,4,5,6,7,8,9
7.46,6.26,318.1,67.7,1.68,1.62,16.5,13000,0.031
7.45,6.28,316.5,80.3,1.74,1.66,16.5,13000,0.04
7.46,6.25,316,80.1,1.91,1.69,16.5,13000,0.039
7.45,7.01,306.1,71.5,1.46,1.61,16.5,13000,0.033
7.43,9.06,292.6,81.4,1.88,1.49,16.25,12700,0.035
7.53,6.19,307.6,87,2.11,1.62,16.25,12700,0.07
7.53,6.18,307.5,87,1.95,1.64,16.25,12700,0.049
7.55,6.23,308,87.7,1.75,1.59,15.99,12100,0.043
7.52,6.22,307.8,74,1.87,1.55,15.99,12100,0.038
7.5,6.18,307.3,131.2,2.4,1.69,15.99,12100,0.051
7.56,6.18,306.9,80.9,1.9,1.56,15.99,12100,0.039
7.52,6.18,307.5,77.4,1.91,1.55,15.99,12100,0.038
7.52,6.15,319.2,74.6,1.92,1.52,15.99,12100,0.035
7.52,6.11,320,77.7,1.96,1.53,15.83,10800,0.037
7.48,6.18,318.4,97.3,2.1,1.67,15.83,10800,0.047
7.5,6.1,362.2,150.3,2.08,1.6,15.11,7920,0.071
7.49,6.01,361.4,141.2,2,1.6,15.11,7920,0.083
7.51,6,361.4,150.2,1.65,1.63,15.81,12400,0.076
7.48,5.93,361.4,146.5,1.74,1.63,15.81,12400,0.07
7.51,5.97,372.9,151.2,1.29,1.6,15.81,12400,0.057
7.48,5.97,372.9,151.2,1.52,1.65,15.81,12400,0.067
7.5,5.97,372.9,155.2,1.89,1.62,15.81,12400,0.061
7.48,6.06,373,217.6,1.7,1.65,15.81,12400,0.051
7.51,6.07,373.8,227.4,1.79,1.64,16.33,13500,0.046
7.57,6.1,362.7,219,1.72,1.65,16.33,13500,0.043
7.51,6.06,361.9,231.8,1.64,1.65,16.33,13500,0.04
7.56,6.08,361.9,229.4,2,1.61,16.33,13500,0.043
7.49,6.02,361.8,232.2,1.36,1.6,16.33,13500,0.042
7.49,5.97,352,241.8,1.57,1.64,16.33,13500,0.041
7.46,5.99,352.7,235.3,2.16,1.65,16.59,11000,0.045
7.47,6.02,353,237.9,1.74,1.62,16.59,11000,0.045
7.54,6.03,341,246.4,1.42,1.64,16.59,11000,0.048
7.46,5.99,351.6,242,1.58,1.68,16.59,11000,0.048
7.45,5.94,350.6,242.2,2.02,1.7,16.59,11000,0.051
7.46,5.88,341.4,241.2,1.61,1.73,16.59,11000,0.053
7.46,5.79,342.5,244.8,2.1,1.72,16.71,9500,0.056
7.46,5.8,342.8,244.6,2,1.7,16.71,9500,0.055
7.41,5.76,340.4,245,1.84,1.71,16.71,9500,0.056
7.43,5.77,328.5,248.1,1.77,1.7,16.71,9500,0.056
7.41,5.67,331.1,242.9,1.71,1.72,16.74,8250,0.061
7.41,5.65,329.7,242.5,1.5,1.68,16.74,8250,0.05
7.41,5.67,328.1,245.5,2.17,1.69,16.74,8250,0.05
7.8,6.77,344.8,236.6,3.26,2.01,16.64,2280,0.108
7.8,6.74,345.8,240.5,2.68,2.05,16.64,2280,0.097
7.76,6.45,345,242.9,2.4,2.01,16.64,2280,0.11
7.76,6.39,335.2,255,3.36,2.07,16.61,2370,0.107
7.76,6.46,336.1,262.8,5.59,2.08,16.61,2370,0.079
7.76,6.46,332.1,267.6,4.3,2.06,16.61,2370,0.096
7.83,6.62,333.5,263.8,2.46,2.11,16.61,2370,0.125
7.79,6.52,334.5,276.1,2.88,2.19,16.61,2370,0.12
7.78,6.54,336.3,304.8,3.34,2.24,16.61,2460,0.124
7.81,6.57,337,300,3,2.2,16.61,2460,0.131
7.82,6.65,335.7,308.8,3.03,2.21,16.61,2460,0.116
7.82,6.65,335.2,317,3.08,2.22,16.61,2460,0.141
7.8,6.6,335.8,307.9,3.1,2.21,16.61,2460,0.114
7.82,6.61,335.9,311.4,2.97,2.18,16.61,2900,0.157
7.81,6.6,337.3,302.5,2.72,2.15,16.61,2900,0.143
7.82,6.65,336,302.5,2.46,2.13,16.61,2900,0.107
7.82,6.71,344,295.6,2.6,2.09,16.61,2900,0.117
7.82,6.63,346.4,293.4,2.79,2.04,16.61,2900,0.101
7.83,6.64,346.5,292,2.69,2.03,16.59,2950,0.105
7.82,6.68,347.3,284.3,2.44,1.95,16.59,2950,0.115
7.83,6.72,345.8,278,2.32,1.98,16.59,2950,0.113
7.83,6.7,355.3,278.6,2.31,2,16.59,2950,0.111
7.83,6.46,347,237.7,2.29,2.02,15.67,4100,0.076
7.84,6.51,346.6,235.2,2.14,2.02,15.67,4100,0.059
8.11,6.85,335.3,65.8,3.4,1.73,16.65,2400,0.119
8.09,6.56,347.1,230.5,2.77,2.57,16.65,2400,0.295
8.09,6.48,276,177.2,2.88,1.75,16.65,2400,0.179
8.1,6.69,336.5,53.2,2.77,1.73,16.66,2560,0.101
8.34,7.65,362.3,62.7,0.44,1.84,13.35,3340,0.077
8.36,7.63,351.4,61.6,2.42,1.84,13.35,3340,0.081
8.33,7.64,353.4,58.6,2.29,1.86,13.13,3210,0.079
8.35,7.63,353.1,62.9,2.39,1.83,13.13,3210,0.081
8.32,7.63,366.6,76.3,2.02,1.84,13.13,3210,0.077
8.29,7.51,359.6,61.8,1.66,1.82,11.35,2260,0.07
8.29,7.52,357.6,56.7,1.11,1.91,11.35,2260,0.074
8.29,7.48,359.4,60,1.76,1.87,11.35,2260,0.074
8.26,7.6,358.4,56.6,1.9,2.14,11.33,2160,0.073
8.29,7.41,357.8,60.4,1.86,1.92,11.33,2160,0.07
8.29,7.39,359.2,60.1,1.39,1.85,11.33,2160,0.071
8.31,7.44,360.4,57.4,1.42,1.79,11.36,2000,0.073
8.33,7.82,344,57.2,1.96,1.88,11.37,1650,0.077
8.35,7.84,348.6,67.3,1.86,1.89,11.37,1650,0.085
8.34,7.94,351.5,66.4,1.87,1.92,11.26,2460,0.103
8.32,8.02,351.4,70.5,1.71,1.94,11.26,2460,0.087
8.33,7.99,346.8,69.4,2.16,1.91,11.26,2460,0.097
8.34,7.91,347.2,65.5,2.18,1.91,11.26,2460,0.089
8.33,7.89,336.5,63.1,2.1,1.88,11.26,2460,0.092
8.3,7.94,338.5,59.6,2.11,1.91,11.21,2490,0.097
8.29,7.94,336.9,60.1,1.98,1.9,11.21,2490,0.087
8.28,7.98,333.9,83.8,1.4,1.92,11.21,2490,0.098
8.34,7.9,332.1,73.4,2.2,1.94,11.21,2490,0.097
8.35,7.89,336.4,65.2,1.97,1.91,11.21,2490,0.088
8.32,8,338.2,56.6,2.12,1.9,11.16,2460,0.097
8.34,8.02,333.9,57.2,1.55,1.9,11.16,2460,0.085
8.35,7.96,332.7,58.6,1.39,1.88,11.16,2460,0.085
8.35,7.94,336.9,54.7,1.94,1.84,11.16,2460,0.083
8.33,7.98,338.2,55.7,1.62,1.84,11.11,2580,0.085
8.36,8.46,376.6,52.9,33.48,1.85,9.59,2000,0.074
8.33,8.44,382.5,53.7,4.3,1.88,9.59,2000,0.075
8.34,8.44,372.1,50.5,2.82,1.83,9.58,1960,0.077
8.35,8.48,372,53.6,3.08,1.85,9.58,1960,0.074
8.38,8.63,379.5,52,3.08,1.85,9.58,1960,0.074
8.38,8.64,381,50.8,3.08,1.85,9.58,1960,0.074
8.38,8.48,371.5,50.3,1.23,1.88,9.58,1960,0.075
8.34,8.53,374.1,47.2,1.92,1.89,9.59,1800,0.077
8.34,8.54,372.1,50.6,1.8,1.88,9.59,1800,0.073
8.33,8.64,379.6,52.4,1.87,1.89,9.59,1800,0.082
8.38,8.56,379.4,45.8,2.26,1.83,9.59,1800,0.077
8.38,8.51,383.8,52.8,2.23,1.84,9.59,1800,0.075
8.36,8.51,370.6,50.9,2.38,1.84,9.53,1770,0.078
8.33,8.51,384,47.6,1.91,1.84,9.53,1770,0.073
8.38,8.54,375.7,48.1,2.31,1.83,9.53,1770,0.072
8.41,8.69,377.9,51.5,2.1,1.9,9.36,1940,0.08
8.41,8.75,371.4,57.4,2.13,1.89,9.36,1940,0.077
8.4,8.71,371.9,53.3,2.04,1.91,9.36,1940,0.075
8.41,8.7,377.8,74.6,1.97,1.88,9.36,1940,0.074
8.38,8.82,383.6,86.3,1.78,1.92,9.22,1880,0.08
8.4,8.85,386.3,53.2,1.21,1.94,9.07,1830,0.085
8.4,9.53,391.8,43.6,2.25,1.61,8.72,1350,0.084
8.38,9.51,394.7,42,1.88,1.6,8.72,1350,0.08
8.38,9.56,397.4,42,1.62,1.59,8.69,1350,0.076
8.41,9.58,392.5,40.7,1.43,1.59,8.69,1350,0.076
8.38,9.53,392.6,42.7,1.52,1.6,8.69,1350,0.072
8.4,9.49,395.3,39.2,1.16,1.6,8.69,1350,0.074
8.4,9.5,395.7,38.7,1.65,1.59,8.6,1580,0.071
8.41,9.5,395.1,39,1.36,1.58,8.6,1580,0.069
8.42,9.52,388.4,41.6,1.39,1.58,8.6,1580,0.069
8.41,9.47,397,38.8,1.43,1.58,8.5,1500,0.069
8.4,9.54,388.8,42.3,1.59,1.57,8.5,1500,0.073
8.48,9.68,396.5,35.9,28.4,1.93,8.06,1740,0.083
8.5,9.61,398.1,36.7,10.47,1.91,8.06,1740,0.08
8.47,9.87,401.4,35.9,5.88,1.87,7.84,1690,0.077
8.42,9.97,498.4,27.2,1.74,1.94,7.55,1200,0.076
8.43,9.97,487.5,26.1,2.11,1.96,7.55,1200,0.085
8.39,9.84,496.9,27.4,2.33,1.95,7.57,1190,0.084
8.42,9.9,489.7,32.5,2.19,2,7.57,1190,0.087
8.41,9.78,483.6,27.8,1.78,1.97,7.57,1190,0.005
8.41,9.74,493.7,26.2,2.06,1.96,7.57,1190,0.005
8.39,9.78,495.1,24.9,1.98,1.99,7.6,1220,0.005
8.38,9.82,496.6,24.8,2.15,1.97,7.6,1220,0.005
8.39,9.9,482.8,24.4,1.8,1.98,7.6,1220,0.126
8.11,9.79,486.5,24.3,1.98,2.02,7.6,1220,0.08
8.04,9.79,491.7,25.5,1.62,1.96,7.6,1220,0.083
8.02,9.85,495.4,25.6,1.75,1.97,7.63,1500,0.081
8.04,9.9,490.1,25.1,2.08,1.98,7.63,1500,0.082
8.07,10.32,488.5,29.6,1.99,2,7.66,1520,0.094
8.07,10.33,495,29,2,2.02,7.66,1520,0.092
8.06,10.44,496.4,30.2,1.99,2.02,7.53,1510,0.095
8.05,10.42,496.9,32.4,1.78,2.01,7.53,1510,0.086
8.09,10.44,497,36.7,1.66,2.02,7.53,1510,0.103
8.08,10.48,490.4,31.6,2.11,1.99,7.43,1310,0.092
7.97,10.45,484.1,28.4,1.92,2,7.943,1150,0.056
7.97,10.48,486.3,26.8,1.67,1.95,7.943,1150,0.054
7.98,10.51,497.8,26.8,1.74,1.97,7.943,1150,0.052
7.96,10.53,490.8,27.7,1.98,2,7.9335,1145,0.05
7.96,10.59,490.6,26.9,1.7,1.98,7.9335,1145,0.052
7.95,10.56,500.8,27.8,1.73,1.97,7.9335,1145,0.056
7.98,10.8,494.3,27.8,1.52,1.97,7.915,1185,0.104
7.97,10.78,495,27.4,1.76,1.95,7.915,1185,0.088
8.19,10.4,486.7,24.4,1.35,2.01,7.955,1230,0.059
8.2,10.28,470.8,24.2,2.32,1.95,7.955,1230,0.058
8.2,10.28,480.8,24,1.14,1.96,7.955,1230,0.061
8.19,10.33,484,23.7,1.75,1.97,7.985,1094.5,0.062
8.21,10.37,484.9,22.4,1.73,1.97,7.985,1094.5,0.056
8.2,10.44,481.7,22.7,1.49,1.96,7.985,1094.5,0.066
8.2,10.44,485.7,23.1,1.76,1.99,7.985,1094.5,0.063
8.2,10.52,486.9,24.8,2.09,1.97,8.11,808.5,0.077
8.21,10.51,486.8,25.7,1.49,2,8.11,808.5,0.069
8.21,10.54,486.6,25.8,1.96,2.01,8.11,808.5,0.075
8.16,11.08,408.8,21.1,2.49,2.16,10.38,3155,0.096
8.17,11.03,411.1,22.2,2.43,2.19,10.49,3750,0.085
8.17,11,408.5,21.7,2.43,2.19,10.49,3750,0.085
8.16,11.05,409,22.4,2.32,2.22,10.49,3750,0.094
8.13,11,410.3,22.2,1.92,2.23,10.66,4215,0.095
8.16,11.11,405.1,22.4,2.32,2.17,10.66,4215,0.086
8.17,11.11,406.3,21.5,2.04,2.18,10.66,4215,0.084
8.17,11.11,406.9,21.2,1.53,2.2,10.825,4580,0.086
8.16,11.1,406.6,21.1,1.72,2.17,10.825,4580,0.076
8.22,11.29,381.8,21.7,1.72,2.17,10.825,4580,0.076
8.17,11.11,379.9,22.6,1.49,2.47,10.825,4580,0.073
8.16,11.07,381.9,22.6,1.72,2.24,10.825,4580,0.08
8.18,11.09,382.6,22.5,1.93,2.17,10.965,4310,0.083
8.17,11.15,384.8,21.6,1.32,2.14,11.42,4835,0.079
8.17,11.21,383,22.2,1.99,2.13,11.42,4835,0.08
8.16,11.21,381,21,2.35,2.12,11.42,4835,0.077
8.16,11.18,381.5,20.6,1.47,2.13,11.42,4835,0.075
8.16,11.16,380.5,20,1.78,2.1,11.515,4935,0.078
8.16,11.19,380.9,20,2.08,2.12,11.515,4935,0.073
8.19,11.3,381.7,23.7,1.65,2.15,12.03,5875,0.059
8.2,11.39,378.4,26.6,2.1,2.14,12.03,5875,0.073
8.21,11.35,379.4,25.1,2.53,2.12,12.03,5875,0.073
8.22,11.33,381.9,24.8,2.1,2.17,12.03,5875,0.071
8.21,11.33,383.4,24.7,1.77,2.11,12.165,5995,0.071
8.22,11.36,382.8,25.5,2.04,2.16,12.165,5995,0.062
8.21,11.46,380.1,27.7,2.24,2.14,12.165,5995,0.073
8.21,11.38,377.4,28.3,2.4,2.14,12.165,5995,0.071
8.19,10.72,395.7,31.9,1.6,2.13,12.18,5525,0.059
8.19,10.8,395.2,30,1.65,2.14,12.18,5525,0.064
8.17,10.79,396.4,31.7,1.31,2.1,12.055,5390,0.059
8.16,10.76,386.8,30.7,1.84,2.09,12.055,5390,0.062
8.16,10.34,412.4,18.6,1.55,2.08,11.435,4480,0.047
8.15,10.44,404.8,18.2,1.6,2.07,11.435,4480,0.049
8.15,10.28,410.6,18.1,1.94,2.05,11.2825,4190,0.049
8.14,10.36,410.8,18.6,1.75,2.05,11.2825,4190,0.042
8.15,10.42,403.4,18.8,1.75,2.05,11.2825,4190,0.042
8.21,10.29,400.9,19.1,1.32,1.92,11.2825,4190,0.054
8.19,10.18,405.1,19.1,1.26,1.95,11.2825,4190,0.06
8.16,10.14,407.4,18,1.28,1.96,11.16,4030,0.061
8.15,10.07,409,17.9,1.73,1.94,11.16,4030,0.06
8.15,10.13,408.1,18.3,1.33,1.94,11.16,4030,0.058
8.14,10.2,400.2,18.1,1.34,1.94,11.16,4030,0.058
8.16,10.11,402.6,17.9,0.75,1.95,11.04,3575,0.063
8.16,10.11,401.9,18.4,0.93,1.93,11.04,3575,0.057
8.17,10.05,413.2,18.6,1.37,1.93,11.04,3575,0.057
8.17,9.94,397.5,17.9,0.87,1.95,10.915,3440,0.056
8.17,9.95,396.1,17.4,1.07,1.91,10.915,3440,0.057
8.17,9.94,407.6,17.4,1.36,1.92,10.915,3440,0.056
8.19,9.77,407.4,17.6,0.86,1.95,10.915,3440,0.058
8.17,9.7,402.1,18.5,1.33,1.96,10.785,3280,0.06
8.17,9.65,403.4,16.9,0.62,1.92,10.67,3140,0.059
8.16,9.66,403.8,16.8,0.99,1.93,10.67,3140,0.052
8.18,9.58,409.4,16.9,0.99,1.9,10.67,3140,0.051
8.17,9.52,397.8,16.6,0.25,1.94,10.67,3140,0.055
8.17,9.5,411.7,17.9,0.64,1.92,10.55,3110,0.054
8.16,9.6,415.4,16.8,1.1,1.9,10.43,3245,0.054
8.17,9.51,407.7,16.5,0.55,1.9,10.43,3245,0.055
8.14,9.46,409.5,17.9,1.1,1.89,10.305,3115,0.056
8.15,9.48,403.3,18,1.5,1.91,10.305,3115,0.056
8.17,9.45,417.8,18.4,1.23,1.9,10.305,3115,0.057
8.17,9.45,419,16.6,1.06,1.9,10.305,3115,0.052
8.16,9.36,422.8,15.9,1.23,1.89,10.27,3000,0.053
8.44,9.45,414.8,17.8,1.04,1.94,,,0.074
8.51,9.34,413.8,30.1,2.03,1.96,11.225,3200,0.106
8.52,9.28,416.4,31.7,2.18,1.95,11.225,3200,0.117
8.51,9.27,416.7,36,2.33,1.95,11.52,3890,0.121
8.52,9.32,418.8,40.4,2.78,1.95,11.52,3890,0.13
8.52,9.26,417.3,38.5,1.5,1.99,11.52,3890,0.1
8.52,9.28,419.6,39.5,2.28,2.03,11.52,3890,0.104
8.52,9.29,420.9,40.6,2.36,2.04,11.965,4070,0.111
8.54,9.32,422.9,41.3,2.06,2.08,11.965,4070,0.119
8.51,9.3,423.8,44.6,2.04,2.3,11.965,4070,0.105
8.51,9.28,421.6,46.2,2.06,2.18,11.965,4070,0.118
8.51,9.2,423,54.5,2.38,2.15,11.965,4070,0.125
8.51,9.12,423.2,69.8,3.1,2.22,11.965,4070,0.15
8.48,9.06,405,80.4,2.98,2.26,12.2775,4475,0.166
8.49,9.05,406.7,76.5,2.84,2.23,12.2775,4475,0.168
8.48,9.06,406.3,68.6,2.78,2.19,12.2775,4475,0.144
8.48,9.1,404.4,65,2.82,2.18,12.2775,4475,0.143
8.47,9.08,402.9,62,2.93,2.19,12.2775,4475,0.134
8.47,9.04,405.2,58.1,2.35,2.18,12.2775,4475,0.134
8.45,8.97,407,56.2,2.73,2.2,12.455,4910,0.146
8.45,8.96,406.8,58,2.72,2.18,12.455,4910,0.133
8.46,8.98,399,57.7,2.95,2.24,12.455,4910,0.128
8.47,8.88,398,59.5,3.19,2.23,12.455,4910,0.126
8.45,8.9,400.8,57.5,2.65,2.24,12.455,4910,0.117
8.45,8.9,403.1,54.3,2.51,2.26,12.57,4895,0.122
8.46,9.09,399.9,48.6,3.08,2.18,12.57,4895,0.114
8.49,9.1,399.4,42.3,2.48,2.14,12.57,4895,0.113
8.46,9.12,399.9,39.2,2.24,2.14,12.66,5500,0.1
8.47,9.09,414.7,37.2,2.38,2.14,12.66,5500,0.102
8.46,9.07,414.8,38.5,2.72,2.12,12.66,5500,0.097
8.47,9.06,415.5,35.7,2.31,2.14,12.66,5500,0.097
8.47,9.09,416.1,34.8,2.93,2.12,12.64,5720,0.1
8.49,9.12,416.4,35.8,2.32,2.13,12.64,5720,0.101
8.46,9.12,414.8,35.2,2.47,2.12,12.64,5720,0.103
8.49,9.19,415.9,35.7,2.63,2.14,12.64,5720,0.098
8.48,9.17,416.4,31.8,2.48,2.11,12.64,5720,0.094
8.46,9.15,416.8,31.4,2.72,2.13,12.76,6895,0.104
8.46,9.21,415.1,30.5,2.22,2.14,12.76,6895,0.102
8.49,9.21,413.9,26.2,2.51,2.15,12.76,6895,0.097
8.49,9.19,415,25.1,2.36,2.14,12.76,6895,0.091
8.47,9.17,416,24.2,2.24,2.13,13.025,8585,0.1
8.46,9.15,433.6,25.9,2.07,2.11,13.025,8585,0.094
8.38,9.13,421.1,23.7,2.27,2.12,13.025,8585,0.102
8.4,9.1,424.3,22.5,1.81,2.11,13.025,8585,0.083
8.4,9.17,426.5,19.4,2.36,2.09,13.245,9375,0.079
8.4,9.22,424.6,22.1,2.14,2.08,13.245,9375,0.077
8.42,9.25,418,24,2.48,2.08,13.245,9375,0.083
8.44,9.19,413.9,22,2.23,2.1,13.245,9375,0.084
8.43,9.18,417.4,19.4,2.21,2.11,13.245,9375,0.072
8.42,9.16,420.6,19.6,2.19,2.13,13.345,9830,0.076
8.43,9.14,420.1,18.5,2.3,2.13,13.345,9830,0.077
8.41,9.15,415.8,19.8,2.34,2.18,13.345,9830,0.077
8.42,9.08,413.2,21.4,2.24,2.16,13.345,9830,0.075
8.44,9.05,414.3,21.4,2.78,2.14,13.345,9830,0.075
8.41,9.04,433.7,22.2,2.42,2.11,13.37,9260,0.077
8.41,9.04,432.4,22.3,2.07,2.13,13.37,9260,0.077
8.42,9.07,428.6,22.7,2.3,2.11,13.37,9260,0.078
8.43,9.01,426.3,23.7,2.5,2.12,13.37,9260,0.072
8.45,9.03,428.4,22.9,2.19,2.11,13.37,9260,0.071
8.41,9.03,412.5,23.4,2.22,2.12,13.3,8790,0.078
8.41,9.03,412.6,23.9,2.15,2.11,13.3,8790,0.08
8.41,8.98,406.1,26.3,2.27,2.12,13.3,8790,0.076
8.44,8.88,406.2,25,2.4,2.13,13.3,8790,0.071
8.42,8.87,407.3,25.7,2.19,2.09,13.17,8895,0.07
8.4,8.87,389.6,28.1,1.88,2.04,13.17,8895,0.076
8.4,8.88,397.9,24.8,1.89,2.07,13.17,8895,0.073
8.4,8.8,395,27.5,2.23,2.1,13.17,8895,0.068
8.41,8.67,380.6,28.4,2.02,2.1,13.17,8895,0.068
8.39,8.64,383,25.7,2.1,2.1,12.99,8710,0.067
8.37,8.64,383.9,26.2,2.07,2.09,12.99,8710,0.065
8.37,8.7,377.8,23.2,1.69,2.08,12.99,8710,0.064
8.39,8.66,375.6,23.2,2.28,2.11,12.99,8710,0.06
8.38,8.65,380.4,19.9,2.15,2.1,12.77,8455,0.063
8.38,8.69,381.1,20.2,1.97,2.11,12.77,8455,0.062
8.37,8.76,381.4,19.3,1.75,2.1,12.77,8455,0.063
8.4,8.76,387.9,17.9,1.6,2.11,12.77,8455,0.06
8.39,8.76,391.5,15.5,1.92,2.08,12.77,8455,0.057
8.4,8.8,391.9,15.8,2.27,2.08,12.52,7950,0.059
8.4,8.82,392.3,15.3,1.54,2.08,12.52,7950,0.06
8.39,8.92,387.9,15.5,1.6,2.05,12.52,7950,0.063
8.44,8.9,386,15,2.04,2.04,12.52,7950,0.064
8.43,8.9,386.6,14.7,1.38,2.05,12.27,7390,0.061
8.42,8.94,387.6,13.9,1.81,2.05,12.27,7390,0.058
8.46,9.02,396.9,14.4,2.34,2.01,12.27,7390,0.056
7.88,9.24,357.3,18.4,1.85,1.89,11.82,6485,0.06
7.89,9.26,359.2,16.2,2.01,1.96,11.82,6485,0.074
7.9,9.53,371.9,16.3,2.13,1.9,11.815,5760,0.012
7.9,9.14,380.8,18.8,1.75,1.93,11.83,5245,0.079
7.9,9.05,381.8,19.7,1.27,1.93,11.95,5045,0.073
7.86,8.97,382,21,1.51,1.94,11.95,5045,0.074
7.88,8.95,382.4,20.3,1.52,1.96,11.95,5045,0.077
7.89,8.96,382.3,19.8,1.93,1.96,11.95,5045,0.075
7.86,8.8,381.5,19.4,1.42,1.94,12.08,4745,0.079
7.89,8.82,383,19,1.68,1.94,12.08,4745,0.08
7.87,8.81,398.8,18.2,1.23,1.93,12.08,4745,0.085
7.86,8.77,401.8,19.9,1.58,1.95,12.27,4280,0.09
7.98,8.4,383.1,28.9,1.8,1.92,12.525,4560,0.072
7.96,8.42,385.5,31,1.42,1.88,12.735,4435,0.079
7.94,8.44,386.1,30.8,1.27,1.87,12.735,4435,0.073
7.94,8.44,384.3,31,1.52,1.87,12.735,4435,0.071
7.93,8.46,386.2,30.9,1.13,1.88,12.735,4435,0.068
7.92,8.51,389.5,31.6,1.6,1.86,12.88,4465,0.075
7.89,8.52,390.2,30.9,1.16,1.85,12.88,4465,0.067
7.9,8.54,385,31.8,0.67,1.89,12.88,4465,0.068
7.9,8.48,382.3,30.9,1.4,1.88,12.88,4465,0.069
7.91,8.42,383.8,31.4,1.71,1.9,12.88,4465,0.072
7.89,8.41,370.5,31.4,1.18,1.9,12.985,4645,0.073
7.89,8.4,371.8,30.6,1.32,1.87,12.985,4645,0.069
7.91,8.41,369.3,31.2,1.81,1.9,12.985,4645,0.066
7.9,8.42,369,31.6,1.14,1.87,12.985,4645,0.062
7.9,8.4,369.1,31.3,1.52,1.9,12.985,4645,0.068
7.89,8.35,369.2,31.4,1.22,1.85,13.07,4680,0.073
7.9,8.37,370.6,32.3,1.45,1.89,13.07,4680,0.07
7.9,8.34,368.8,31.5,1.31,1.87,13.07,4680,0.066
7.91,8.31,379.2,31.3,1.49,1.88,13.07,4680,0.065
7.88,8.26,365.2,29.8,1.99,1.88,13.07,4680,0.067
7.87,8.24,367.2,26.9,2.23,1.88,13.175,4645,0.072
7.88,8.24,376,26.1,1.13,1.87,13.175,4645,0.063
7.9,8.18,372.4,25.4,2.05,1.87,13.175,4645,0.061
7.89,8.14,373.1,24.2,1.28,1.86,13.175,4645,0.061
7.89,8.16,373.9,25.4,1.39,1.84,13.28,4610,0.058
7.88,8.15,372.4,24.6,1.09,1.93,13.28,4610,0.061
7.8,7.79,372.8,25.1,1.66,1.85,13.28,4610,0.062
7.83,7.92,366.1,23.1,3.19,1.04,13.605,4560,0.072
7.85,7.92,366.3,21,2.11,0.99,13.605,4560,0.068
7.86,7.94,365.3,21.2,2.02,1,13.605,4560,0.065
7.88,7.86,366.1,20.5,2.45,1.98,13.84,5185,0.067
7.87,7.81,366.2,19.8,1.99,1.96,13.84,5185,0.062
7.89,7.82,365.9,20.1,1.69,1.96,13.84,5185,0.063
7.88,7.88,363.9,21.9,2.39,1.96,13.84,5185,0.062
7.87,7.92,364.7,19.5,1.7,1.96,13.84,5185,0.061
7.9,7.92,365.3,23.4,2.5,1.99,13.84,5185,0.063
7.88,7.91,367.3,26,2.14,2,14.015,5810,0.07
7.86,7.89,367.8,25.3,2.12,2.01,14.015,5810,0.068
7.83,7.8,368.4,24.9,2.11,2.01,14.015,5810,0.068
7.82,7.82,367.2,28,2.06,2.02,14.015,5810,0.069
7.83,7.8,367,27.6,2.19,2.01,14.015,5810,0.067
7.82,7.79,366.2,28.2,2.37,2.02,14.015,5810,0.068
7.83,7.79,367.5,31.4,2.29,2.03,14.37,6810,0.067
7.84,7.79,368,26.8,2.38,2.02,14.37,6810,0.068
7.83,7.77,368.4,29.8,1.98,1.98,14.37,6810,0.067
7.83,7.79,366.4,33.3,2.09,1.99,14.37,6810,0.071
7.86,7.83,367.1,29.8,2.05,1.96,14.37,6810,0.067
7.86,7.82,367.2,26.2,2.22,1.97,14.37,6810,0.067
7.85,7.83,367.6,25.2,2.02,1.98,14.615,8060,0.067
7.85,7.81,367.4,26.9,2.17,1.97,14.615,8060,0.071
7.83,7.81,367.7,27.3,1.92,1.96,14.615,8060,0.067
7.86,7.79,365.5,32.2,2.26,1.98,14.615,8060,0.07
7.86,7.76,365.3,29.8,1.86,1.98,14.615,8060,0.075
7.85,7.72,364.8,30.5,1.73,2.03,14.615,8060,0.085
7.85,7.68,366.2,34.9,2,2.02,14.805,8900,0.088
7.85,7.68,366.3,28.9,2.22,1.99,14.805,8900,0.09
7.83,7.7,366.8,29.7,1.78,2.02,14.805,8900,0.079
7.86,7.71,363.1,28.4,2.34,2.01,14.805,8900,0.073
7.88,7.66,360.6,29.2,1.96,2.02,14.805,8900,0.07
7.87,7.6,361.3,29.6,1.88,1.96,14.805,8900,0.071
7.84,7.54,362.7,28.6,2.43,2,14.895,9390,0.076
7.83,7.49,364.8,35.9,2.18,2.02,14.895,9390,0.083
7.84,7.46,364.9,34,2.04,2.03,14.895,9390,0.079
7.84,7.44,362.2,39.5,2.19,2.12,14.895,9390,0.074
7.84,7.5,349.7,33.2,2.24,2.1,14.8975,9165,0.077
7.84,7.55,350.9,32.6,1.92,2.09,14.8975,9165,0.068
7.9,7.61,359.5,27.5,2.13,2.05,14.8975,9165,0.083
7.9,7.66,348.1,25,1.94,2.08,14.84,8890,0.087
7.9,7.69,349.2,26,2.14,2.05,14.84,8890,0.086
7.9,7.71,349.5,25.9,1.82,2.04,14.84,8890,0.088
7.89,7.74,359.7,26.3,2.14,2.05,14.84,8890,0.086
7.88,7.74,356.2,26.3,1.75,2.05,14.84,8890,0.085
7.89,7.68,358.4,26.7,1.92,2.02,14.84,8890,0.081
7.87,7.7,345,27.8,3.31,2.05,14.76,8550,0.088
7.87,7.7,347.2,26.1,1.46,2.08,14.76,8550,0.086
7.87,7.71,346.1,26.5,1.9,2.04,14.76,8550,0.09
7.87,7.69,344.2,30.2,1.72,2.06,14.76,8550,0.09
7.88,7.67,344,28.6,1.58,2.06,14.76,8550,0.086
7.87,7.64,343.1,28.4,1.88,2.08,14.76,8550,0.079
7.86,7.59,343.3,28.5,1.26,2.07,14.68,8295,0.082
7.86,7.59,343.8,28.4,1.81,2.09,14.68,8295,0.087
7.85,7.6,356.9,27.1,1.81,2.09,14.68,8295,0.085
7.86,7.62,356,25.4,1.78,2.08,14.68,8295,0.085
7.85,7.62,357,25.2,1.59,2.05,14.68,8295,0.082
7.86,7.67,356.1,26.2,1.95,2.1,14.68,8295,0.078
7.85,7.67,355.8,24.6,1.17,2.07,14.68,7865,0.085
7.88,7.69,355.3,22.1,1.02,2.06,14.68,7865,0.092
7.88,7.73,355.5,21.8,3.6,2.04,14.68,7865,0.077
7.88,7.76,355.9,22.8,2.02,2.04,14.68,7865,0.081
7.88,7.82,356.2,22.6,2.05,1.97,14.68,7865,0.081
7.88,7.87,356,21.4,14.02,2.06,14.68,7865,0.083
7.88,7.95,369.7,21.3,1.64,2,14.6775,7055,0.086
7.98,8,383.6,21,1.57,2,14.6775,7055,0.083
7.95,7.97,384.6,20.8,0.62,2.04,14.81,7150,0.082
7.95,7.95,385,20.9,1.98,2.05,14.81,7150,0.084
7.95,7.91,386.5,24.1,1.33,2.05,14.81,7150,0.086
7.95,7.88,386,22.5,1.4,2.06,14.81,7150,0.084
7.84,7.71,362.9,34.4,1.7,2.07,15.65,5570,0.094
7.91,7.68,358.8,33.2,0.81,2.11,15.65,5570,0.086
7.9,7.55,361.9,33.9,1.04,2.1,15.785,6335,0.088
7.92,7.56,362.1,34.8,1.34,2.04,15.785,6335,0.086
7.93,7.59,357.7,31.1,0.25,2.08,15.785,6335,0.099
7.93,7.5,357.6,34.2,1.26,2.08,15.785,6335,0.083
7.93,7.5,359.7,29.3,1.24,2.09,15.895,6440,0.082
7.94,7.47,360.8,28,1.79,2.07,15.895,6440,0.086
7.93,7.5,361.3,37.6,1.33,2.08,15.895,6440,0.084
7.94,7.53,360.2,32.9,0.59,2.06,15.895,6440,0.089
7.94,7.49,358.7,37.2,1.41,2.09,15.895,6440,0.081
7.94,7.49,360.1,32.3,0.48,2.06,15.895,6440,0.087
7.93,7.5,361.5,29.5,1.01,2.03,15.98,6245,0.088
7.94,7.5,360.6,31.1,1.41,2.07,15.98,6245,0.076
7.94,7.53,360.9,31.6,1.88,2.05,15.98,6245,0.083
7.93,7.52,361,29.1,1.33,2.03,15.98,6245,0.081
7.93,7.54,361.9,25.9,1.71,2.04,15.98,6245,0.084
7.92,7.58,363.3,27.6,1.87,2.03,16.015,5745,0.082
7.93,7.6,364.1,25.2,1.75,2,16.015,5745,0.08
7.92,7.56,362.4,22.9,0.36,2.05,16.015,5745,0.083
7.93,7.52,362.3,25.8,1.06,2.07,16.015,5745,0.085
7.93,7.51,361.7,26.6,0.97,2.04,16.015,5745,0.087
7.9,7.5,363.1,25.8,0.87,2.05,16.08,5910,0.079
7.91,7.54,362.3,22.6,1.22,2.04,16.08,5910,0.079
7.93,7.56,359.9,21.5,0.9,2.03,16.08,5910,0.087
7.96,7.52,371.3,21.8,0.94,2.04,16.08,5910,0.077
7.94,7.51,372.9,19.8,1.51,1.97,16.11,6195,0.074
7.93,7.51,372.2,20,1.61,2.01,16.11,6195,0.08
7.95,7.46,368.6,20,1.53,1.99,16.11,6195,0.111
7.94,7.48,368.9,17.4,1.02,1.99,16.11,6195,0.086
7.95,7.52,380.3,19.5,0.58,1.96,16.085,6355,0.073
7.95,7.51,381.4,17.5,0.92,1.95,16.0645,6060,0.072
7.95,7.8,376.6,17.6,5.91,1.94,16.054,5685,0.067
7.99,7.73,374.2,14.7,1.57,1.9,16.0145,5570,0.054
7.96,7.67,374.2,15.8,1.6,1.9,16.095,5555,0.244
7.97,7.65,375.7,15.9,1.9,1.89,16.095,5555,0.112
7.97,7.64,385.4,16.8,1.8,1.9,16.095,5555,0.06
7.95,7.64,384,14.1,1.5,1.88,16.095,5555,0.055
7.95,7.63,385.4,15.2,1.51,1.89,16.095,5555,0.055
7.94,7.62,384.9,15.1,1.79,1.86,16.185,5790,0.055
7.94,7.61,386.5,15.3,1.72,1.87,16.185,5790,0.053
7.94,7.58,385.4,15,1.71,1.9,16.185,5790,0.052
7.93,7.57,385.6,15,1.64,1.89,16.185,5790,0.05
7.94,7.58,384.3,13.1,1.62,1.88,16.185,5790,0.052
7.94,7.56,371.6,14.6,1.53,1.88,16.185,5790,0.08
7.93,7.55,371.8,16.2,1.86,1.88,16.33,5780,0.061
7.94,7.5,371.6,15.3,1.26,1.86,16.33,5780,0.072
7.93,7.48,372.4,17.6,1.64,2.01,16.33,5780,0.059
7.94,7.46,372.6,16.1,1.33,1.9,16.33,5780,0.062
7.93,7.44,371,17.9,1.32,1.9,16.33,5780,0.065
7.92,7.42,371.3,18,1.89,1.91,16.33,5780,0.068
7.91,7.39,358.4,16.9,1.76,1.91,16.5,7670,0.064
7.9,7.36,357.5,17.3,1.58,1.88,16.5,7670,0.065
7.91,7.34,357.3,19.9,1.35,1.89,16.5,7670,0.059
7.91,7.33,356.6,20,1.56,1.91,16.5,7670,0.05
7.92,7.32,353.7,17.1,1.8,1.9,16.5,7670,0.054
7.92,7.31,354.3,19.8,1.81,1.91,16.5,7670,0.058
7.91,7.28,355.9,19.5,1.57,1.91,16.6825,9350,0.062
7.9,7.24,355.5,18.9,1.45,1.89,16.6825,9350,0.059
7.9,7.25,354.3,23.6,1.42,1.91,16.6825,9350,0.055
7.93,7.28,353.3,19.4,1.65,1.89,16.6825,9350,0.062
7.91,7.25,353.8,19.6,1.86,1.89,16.6825,9350,0.057
7.91,7.19,354.8,21.7,1.69,1.89,16.88,9915,0.067
7.9,7.15,355,21.2,1.49,1.89,16.88,9915,0.057
7.74,7.07,356.1,23.1,1.89,1.88,16.88,9915,0.056
7.91,7.07,354.1,21.2,1.45,1.91,16.88,9915,0.049
7.9,7.01,354.4,21.6,2.12,1.87,16.88,9915,0.059
7.9,6.97,355.8,19.5,1.6,1.84,17.03,9965,0.053
7.88,6.93,355.6,20.4,1.73,1.87,17.03,9965,0.047
7.92,6.9,353.4,17.8,1.63,1.9,17.03,9965,0.065
7.91,6.93,354.6,18.5,1.8,1.87,17.03,9965,0.057
7.89,6.91,356.1,17.8,1.78,1.88,17.17,9995,0.062
7.9,6.9,354.6,15.7,2.03,1.87,17.17,9995,0.068
7.9,6.89,354.4,18.4,1.53,1.88,17.17,9995,0.053
7.91,6.87,366.7,18.7,1.61,1.89,17.17,9995,0.049
7.88,6.84,353.1,18.9,2.04,1.87,17.17,9995,0.052
7.89,6.82,352.9,17.8,1.69,1.89,17.44,10450,0.057
7.88,6.79,352.7,18.4,1.68,1.89,17.44,10450,0.05
7.88,6.74,353.2,20.8,1.53,1.94,17.44,10450,0.058
7.88,6.7,351.2,21.3,1.6,1.93,17.44,10450,0.053
7.89,6.7,351.3,21.9,1.88,1.95,17.44,10450,0.052
7.87,6.68,350.6,18.8,2.06,1.93,17.44,10450,0.059
7.88,6.67,351,20.6,1.81,1.93,17.745,11400,0.056
7.88,6.6,350.3,20.2,1.74,1.97,17.745,11400,0.056
7.85,6.53,350.4,19.1,1.71,1.95,17.745,11400,0.061
7.86,6.49,350.3,21.9,1.8,1.98,17.745,11400,0.064
7.88,6.44,349.9,22.7,2.4,2.01,17.745,11400,0.057
7.9,6.38,349.6,23.3,1.8,1.98,17.745,11400,0.057
7.85,6.3,350.8,24.9,1.94,1.97,18.01,11100,0.065
7.84,6.25,337.3,31.1,1.89,2.03,18.01,11100,0.064
7.82,6.22,338.1,27.6,2.01,2.02,18.01,11100,0.07
7.83,6.22,347.8,26.7,1.89,1.99,18.01,11100,0.063
7.82,6.19,346.5,20,2.02,1.97,18.01,11100,0.066
7.82,6.17,347.6,22.3,1.97,1.98,18.01,11100,0.062
7.83,6.2,335,20.2,2.03,1.99,18.25,12300,0.058
7.83,6.22,335.5,24.2,2.32,2,18.25,12300,0.061
7.83,6.2,335,22.8,1.98,1.99,18.25,12300,0.059
7.83,6.21,334.3,22.6,2.02,1.97,18.25,12300,0.056
7.84,6.29,331.7,19.9,1.94,1.96,18.25,12300,0.052
7.84,6.3,332.6,19.6,2.13,1.96,18.25,12300,0.054
7.83,6.31,333.1,20,1.76,1.95,18.37,12900,0.058
7.82,6.27,320.8,22.3,1.81,1.93,18.37,12900,0.059
7.83,6.29,319.1,22.1,1.92,1.94,18.37,12900,0.056
7.86,6.23,317.6,23.7,1.96,1.96,18.37,12900,0.057
7.83,6.19,318.3,30,2.11,1.93,18.39,13050,0.064
7.84,6.17,318.8,26.9,2.18,1.93,18.39,13050,0.066
7.83,6.14,317.7,30,2.03,1.96,18.39,13050,0.067
7.83,6.15,316.8,31,2.29,1.94,18.39,13050,0.068
7.85,6.15,315.7,29.9,2.18,1.96,18.39,13050,0.063
7.83,6.13,317.2,27.6,2.18,1.96,18.39,13050,0.057
7.83,6.01,316.7,29.7,2.27,1.95,18.39,12500,0.064
7.83,5.96,317.1,28.9,1.92,1.94,18.39,12500,0.06
7.85,5.91,314.7,27.2,2.78,1.97,18.39,12500,0.068
7.83,5.88,315.7,30.4,2.7,2.03,18.39,12500,0.075
7.8,5.86,316.4,30,3.44,1.99,18.38,11900,0.075
7.8,5.89,316.1,31.1,2.33,1.96,18.38,11900,0.091
7.81,5.88,315,27,1.81,1.98,18.38,11900,0.068
7.81,5.83,315,28.2,1.84,2,18.38,11900,0.068
7.81,5.84,315.4,27.4,2,1.99,18.345,12000,0.072
7.82,5.86,316.2,30.7,1.65,2,18.345,12000,0.072
7.83,5.89,316,25.6,1.84,2,18.345,12000,0.07
7.84,5.96,315.6,30,2,1.99,18.345,12000,0.07
7.84,5.94,315.2,27.6,1.9,2.01,18.345,12000,0.07
7.83,5.92,315.7,25.3,2.06,1.96,18.255,12850,0.07
7.85,5.92,315.5,26.1,1.82,1.96,18.255,12850,0.06
7.85,5.92,314.9,28.2,1.72,1.99,18.255,12850,0.069
7.86,5.93,326.2,25.2,1.48,1.97,18.255,12850,0.067
7.84,5.93,325.9,24.7,2,2.03,18.255,12850,0.064
7.85,5.9,327.8,24.1,1.8,1.96,18.22,13950,0.066
7.84,5.88,327.5,26.8,2.12,1.95,18.22,13950,0.065
7.88,5.94,324.7,24.6,1.51,1.91,18.22,13950,0.063
7.85,5.93,324.5,25.8,2.12,1.9,18.22,13950,0.065
7.84,5.85,326,20.3,1.76,1.87,18.2,13850,0.059
7.85,5.84,325.4,27.3,1.61,1.94,18.2,13850,0.066
7.85,5.85,323,25.6,1.88,1.93,18.2,13850,0.064
7.87,5.89,322.8,25.8,1.93,1.84,18.2,13850,0.057
7.86,5.86,323.3,23.6,1.89,1.86,18.2,13850,0.064
7.85,5.88,323.6,25.7,1.6,1.86,18.155,14450,0.068
7.85,5.94,325,28.4,1.62,1.82,18.155,14450,0.067
7.88,5.97,323,28.4,1.82,1.84,18.155,14450,0.067
7.83,6.01,333.5,24.9,1.84,1.83,18.155,14450,0.066
7.87,6.06,334.4,20.6,1.43,1.81,18.12,15550,0.064
7.87,6.08,335.9,20.2,1.7,1.82,18.085,15350,0.066
7.55,6.1,335.1,23.3,1.64,1.8,18.085,15350,0.064
7.56,6.12,335.6,22,1.55,1.81,18.085,15350,0.063
7.56,6.2,336.8,24.5,1.26,1.8,18.135,15700,0.063
7.58,6.25,337.1,24.2,1.54,1.81,18.135,15700,0.062
7.58,6.24,336.9,21.9,1.3,1.8,18.135,15700,0.056
7.57,6.33,337.2,21.6,1.57,1.79,18.135,15700,0.064
7.57,6.27,336.3,22.7,1.23,1.8,18.135,15700,0.063
7.58,6.27,337.2,24.5,1.34,1.79,18.135,15700,0.07
7.57,6.28,336.8,21.6,1.12,1.81,18.2875,17250,0.072
7.57,6.32,337.6,22.8,1.3,1.82,18.2875,17250,0.07
7.57,6.3,336.8,21.5,1.25,1.82,18.2875,17250,0.064
7.58,6.31,336,21.2,1.12,1.82,18.2875,17250,0.07
7.61,6.32,334.4,20.8,1.36,1.81,18.2875,17250,0.072
7.58,6.34,334.2,19.7,1.23,1.85,18.2875,17250,0.073
7.59,6.35,335.5,19.5,1.21,1.81,18.597,20500,0.075
7.59,6.36,336,19.9,1.25,1.83,18.597,20500,0.066
7.61,6.36,335.5,19.6,1.12,1.77,18.597,20500,0.067
7.62,6.5,334.3,18.7,1.37,1.79,18.835,24850,0.068
7.64,6.57,332.9,20.3,1.11,1.8,18.835,24850,0.065
7.65,6.57,333.3,19.6,0.82,1.8,18.835,24850,0.065
7.64,6.58,333.5,19.9,1.1,1.8,18.835,24850,0.065
7.61,6.57,333.6,18.7,1.14,1.8,19.005,26450,0.067
7.63,6.59,335.3,18.7,1.25,1.8,19.005,26450,0.066
7.65,6.57,333.1,19.1,0.89,1.79,19.005,26450,0.068
7.64,6.52,331.8,19.8,1.14,1.78,19.005,26450,0.063
7.63,7.02,361.7,27,1.01,1.64,17.755,11900,0.068
8.29,6.33,345.5,32.4,1.52,1.57,17.305,8560,0.075
8.28,6.33,345.2,32.1,1.29,1.54,17.305,8560,0.061
8.28,6.33,342.8,32.2,1.36,1.58,17.305,8560,0.069
8.26,6.35,329.3,28.1,1,1.58,16.925,9965,0.072
8.25,6.37,327.7,28.6,1.2,1.55,16.925,9965,0.059
8.27,6.42,325.8,29.6,1.32,1.59,16.925,9965,0.066
8.28,6.27,331.2,27.1,1.53,1.58,15.84,9205,0.068
8.29,6.08,308.2,31.2,1.62,1.64,15.565,9435,0.068
8.3,6.1,309.5,28.7,1.49,1.63,15.565,9435,0.066
8.27,6.24,311.8,27.4,1.37,1.66,15.425,9710,0.069
8.29,6.24,312.5,27.6,1.53,1.66,15.425,9710,0.059
8.28,6.18,318.4,25.2,1.37,1.68,15.325,8985,0.063
8.29,6.12,320.2,27.7,1.38,1.73,15.325,8985,0.064
8.3,6,321,26.5,1.4,1.75,15.325,8985,0.06
8.3,5.96,322.8,25.4,1.42,1.74,15.325,8985,0.06
8.29,5.92,323,26.1,1.38,1.78,15.205,8305,0.06
8.29,5.91,322.2,26.4,1.68,1.74,15.205,8305,0.063
8.28,5.86,323.4,25.8,1.41,1.74,15.205,8305,0.063
8.29,5.83,323.4,28.2,1.61,1.72,15.205,8305,0.064
8.28,5.83,321.9,26.3,1.34,1.73,15.205,8305,0.062
8.28,5.82,321.5,28,1.85,1.71,15.205,8305,0.066
8.25,5.85,324,27.9,1.96,1.72,14.985,7755,0.064
8.25,5.92,323.3,29.1,1.46,1.72,14.985,7755,0.069
8.25,5.98,324.1,28.1,1.6,1.7,14.985,7755,0.068
8.26,6,323.4,29.9,1.34,1.74,14.985,7755,0.069
8.28,6.02,323.1,29.1,1.32,1.74,14.985,7755,0.067
8.27,5.98,322.4,29.7,1.34,1.72,14.985,7755,0.069
8.28,6.05,323.3,29.5,1.6,1.78,14.765,8185,0.073
8.26,6.16,323.2,29.9,1.41,1.69,14.765,8185,0.074
8.29,6.02,321.4,26.6,1.81,1.79,14.765,8185,0.081
8.3,6.11,320.7,27.3,1.78,1.74,14.765,8185,0.078
8.28,6.16,321.2,29.1,1.7,1.68,14.51,7940,0.082
8.27,6.19,322.1,26.1,1.86,1.73,14.51,7940,0.079
8.3,6.25,322.6,25.7,1.61,1.71,14.51,7940,0.076
8.27,6.39,322.9,26.2,1.7,1.69,14.51,7940,0.071
8.28,6.39,323.8,27.2,1.74,1.69,14.51,7940,0.067
8.29,6.41,323.4,27.7,1.75,1.74,14.51,7940,0.063
8.29,6.48,324.6,27.6,1.82,1.71,14.28,8140,0.059
8.29,6.57,325,24.1,1.52,1.72,14.28,8140,0.053
8.29,6.65,324.7,22.8,1.86,1.67,14.28,8140,0.05
8.29,6.67,326.1,27.8,1.47,1.7,14.28,8140,0.047
8.33,6.62,326.9,25,1.42,1.66,14.28,8140,0.044
8.33,6.57,328.8,23,1.65,1.71,14.28,8140,0.045
8.32,6.62,329.8,24.3,1.58,1.69,14.05,8035,0.048
8.3,6.66,331,28.8,1.42,1.67,14.05,8035,0.047
8.2,8.15,365.8,40.4,1.92,1.84,6.745,288,0.072
8.23,8.23,367.4,37.5,1.74,1.92,6.735,514.5,0.07
8.27,8.09,367.2,39.6,1.58,1.88,6.735,514.5,0.069
8.21,8.11,368.5,37.5,1.98,1.89,6.675,751.5,0.069
8.21,8.1,367.2,36.1,1.29,1.91,6.675,751.5,0.068
8.22,8.3,367.2,36.4,1.57,1.88,6.675,751.5,0.066
8.22,8.31,367.1,35.5,1.42,1.87,6.675,751.5,0.069
8.23,8.25,366,35.4,1.49,1.89,6.675,751.5,0.069
8.22,8.3,366.3,37.8,1.71,1.91,6.675,751.5,0.069
8.24,8.27,365.6,39.8,1.34,1.95,6.66,697.5,0.068
8.24,8.36,367.1,42.6,1.45,1.92,6.66,697.5,0.07
8.23,8.22,366.2,40.1,1.48,1.91,6.66,697.5,0.067
7.98,7.98,368,37.7,1.94,1.9,6.66,697.5,0.087
8.3,8.35,364.3,38.8,1.85,1.9,6.66,697.5,0.074
8.29,8.46,365,39.3,1.75,1.94,6.66,697.5,0.083
8.29,8.56,365.1,42.6,1.74,1.92,6.675,599,0.074
8.25,8.58,365.5,41.9,2.27,1.91,6.675,599,0.075
8.25,8.65,366.3,40.8,1.69,1.94,6.675,599,0.072
8.29,8.54,365.2,38.5,1.78,1.95,6.675,599,0.072
8.34,8.37,364.6,40.6,1.39,1.98,6.675,599,0.072
8.3,8.39,365.7,39.8,1.73,1.93,6.675,599,0.074
8.28,8.45,366,42,1.71,1.96,6.665,590,0.071
8.25,8.4,365.6,39.2,1.68,1.94,6.665,590,0.073
8.24,8.52,367.7,38.6,1.99,1.93,6.665,590,0.075
8.33,7.98,363.1,36.9,1.83,1.97,6.665,590,0.076
8.31,8.76,364.6,40.8,1.95,2.07,6.665,590,0.076
8.29,8.46,366.9,40.8,1.73,2.06,6.635,518.5,0.076
8.28,8.36,367.6,38.9,1.85,2.07,6.635,518.5,0.081
8.29,8.56,368.9,40.6,1.6,2.06,6.635,518.5,0.074
8.31,8.33,368,37.8,2,2.09,6.635,518.5,0.068
8.34,7.92,365.2,37.3,1.88,2.11,6.635,518.5,0.066
8.32,8.1,367.8,39.1,1.7,2.11,6.635,518.5,0.068
8.31,8.09,370.5,38.5,1.76,2.09,6.63,432.5,0.067
8.29,8.78,371.4,37.5,1.84,2.07,6.63,432.5,0.065
8.29,8.35,371.4,36.9,1.67,2.12,6.63,432.5,0.067
8.31,8.27,370.9,41.8,2.21,2.11,6.63,432.5,0.068
8.35,7.96,368.2,37.9,2.1,2.13,6.63,432.5,0.069
8.33,8.47,369.6,40.3,1.64,2.13,6.63,432.5,0.063
8.31,8.19,368.3,36.3,1.6,2.14,6.635,407.5,0.066
8.31,8.31,368.4,37.2,2.11,2.11,6.635,407.5,0.065
8.3,8.17,367.6,37.9,1.6,2.12,6.635,407.5,0.066
8.32,8.12,366.5,40.3,1.98,2.15,6.635,407.5,0.061
8.36,7.75,361.4,36.5,1.47,2.12,6.635,407.5,0.064
8.32,8.19,364.4,39.4,1.81,2.15,6.635,407.5,0.063
8.3,7.96,364.3,38.3,1.9,2.11,6.615,397,0.062
8.29,8.04,365.7,38.3,1.91,2.08,6.615,397,0.066
8.3,8.07,365.4,40.5,1.88,2.1,6.615,397,0.067
8.31,7.91,365.4,40,1.67,2.19,6.615,397,0.066
8.36,7.54,361.8,35.1,2.04,2.14,6.615,397,0.062
8.31,8.02,363.8,36.5,2.02,2.12,6.615,397,0.06
8.31,7.83,364.1,36.3,1.77,2.13,6.615,359,0.061
8.3,7.93,365.4,35.3,1.73,2.11,6.615,359,0.061
8.31,7.98,364.6,35.2,1.86,2.1,6.615,359,0.062
8.32,8.01,366.9,33.2,2,2.11,6.615,359,0.06
8.34,8.04,365.6,34.4,1.86,2.1,6.615,359,0.062
8.32,8.09,365.8,32,1.74,2.1,6.615,359,0.06
8.32,8.18,365.8,32.5,2,2.1,6.595,316,0.062
8.31,8.21,366.8,33.6,2.33,2.08,6.595,316,0.061
8.3,8.28,366.1,37.6,2.01,2.06,6.595,316,0.063
8.35,8.02,363.6,32.6,2.18,2.09,6.595,316,0.063
8.37,7.5,363,32,1.82,2.12,6.595,316,0.062
8.33,7.76,363.1,34.2,1.95,2.11,6.595,316,0.061
8.33,7.83,363.4,33.3,2.37,2.07,6.62,309,0.061
8.32,7.97,363.4,33.4,2.11,2.11,6.62,309,0.062
8.3,8.45,362.9,32.8,1.99,2.09,6.62,309,0.063
8.3,8.13,363,34.1,1.95,2.12,6.62,309,0.065
8.3,8.2,363,35,1.69,2.13,6.62,309,0.067
8.29,8.08,363.2,35.4,1.64,2.11,6.62,309,0.067
8.3,8.88,363.7,32.3,2.2,2.11,6.595,386,0.064
8.26,9.01,363.7,32.6,1.86,2.12,6.595,386,0.066
8.28,8.39,362.7,31.3,1.79,2.15,6.595,386,0.069
8.28,8.33,363.6,31.3,1.63,2.17,6.595,386,0.07
8.26,8.35,363,32.1,2.11,2.15,6.595,386,0.071
8.22,8.88,361.8,35.7,1.8,2.16,6.5085,492,0.071
8.22,9.24,361.8,34.5,1.77,2.11,6.5085,492,0.069
8.22,9.59,362.1,33.3,1.96,2.17,6.5085,492,0.072
8.25,9.36,359.9,33.6,2.18,2.18,6.5085,492,0.07
8.22,9.67,357.6,37.3,2.17,2.14,6.429,478.5,0.068
8.06,9.74,356.6,37.9,1.89,2.14,6.429,478.5,0.072
8.24,9.7,354.8,37,2.55,2.15,6.429,478.5,0.071
8.24,9.72,353.9,35.7,1.96,2.13,6.429,478.5,0.072
8.24,9.72,353.1,38.4,2.17,2.12,6.4095,473,0.072
8.24,9.72,352.6,39.4,2.22,2.14,6.4095,473,0.073
8.24,9.75,351,40,1.89,2.13,6.4095,473,0.07
8.25,9.57,349.4,40.6,2.34,2.13,6.4095,473,0.07
8.25,9.64,350.2,37.6,2.23,2.14,6.4095,473,0.076
8.26,9.75,349.7,38.8,2.09,2.16,6.4055,505.5,0.071
8.24,9.75,351.1,41.2,2.4,2.16,6.4055,505.5,0.072
8.24,9.77,349.3,42.4,2.11,2.17,6.4055,505.5,0.073
8.25,9.74,348.3,42.3,2.11,2.13,6.4055,505.5,0.075
8.25,8.87,347.9,38.7,2.17,2.12,6.4055,505.5,0.074
8.26,8.73,347.2,38.2,2.15,2.11,6.4055,505.5,0.077
8.26,8.73,345.3,40.4,2.43,2.13,6.4235,534.5,0.072
8.26,8.68,346.3,37.5,2.18,2.17,6.4235,534.5,0.076
8.26,8.67,344.9,41.6,2.33,2.1,6.4235,534.5,0.072
8.29,9.52,342.7,40.8,1.95,2.12,6.4235,534.5,0.072
8.32,9.36,342,39,2.06,2.11,6.4235,534.5,0.073
8.31,9.44,343.6,40.6,2.34,2.08,6.4235,534.5,0.071
8.31,9.49,343.9,42.5,2.38,2.12,6.4425,536.5,0.07
8.28,9.54,342.9,41.6,2.27,2.08,6.4425,536.5,0.072
8.26,9.56,343.7,36.8,2.36,2.07,6.4425,536.5,0.071
8.29,9.28,341.9,40.2,2.31,2.12,6.4425,536.5,0.072
8.27,9.21,342.4,44,2.55,2.17,6.4425,536.5,0.072
8.27,9.29,342.9,44.3,2.8,2.1,6.4425,536.5,0.069
8.26,9.34,344,45.3,2.37,2.11,6.456,538.5,0.071
8.26,9.43,343.1,43.9,2.18,2.09,6.456,538.5,0.068
8.3,9.2,341.4,40.2,2.61,2.09,6.456,538.5,0.07
8.29,9.29,341.1,45.6,2.58,2.1,6.456,538.5,0.067
8.29,8.99,341.5,40.4,2.44,2.08,6.522,511,0.068
8.27,9.02,341.3,39.8,2.11,2.1,6.522,511,0.068
8.27,9.44,341.8,40.7,2.4,2.08,6.522,511,0.069
8.28,9.33,341.5,40.6,2.52,2.09,6.522,511,0.07
8.27,9.42,341.3,35.7,2.22,2.06,6.522,511,0.069
8.27,9.57,342.7,39.3,2.28,2.09,6.612,337.5,0.074
8.27,9.55,343.4,36.9,2.18,2.04,6.612,337.5,0.074
8.28,9.36,343.4,36.8,2.4,2.09,6.612,337.5,0.076
8.32,9.06,342.1,36.9,2.38,2.08,6.612,337.5,0.078
8.27,9.35,346.5,39.5,2.39,2.06,6.612,337.5,0.074
8.26,9.54,347.1,39.7,2.5,2.08,6.6675,211,0.075
8.26,9.55,348,39.7,2.21,2.07,6.6675,211,0.071
8.28,9.47,347.8,37.5,2.39,2.06,6.6675,211,0.07
8.3,8.89,345.8,38.5,2.34,2.08,6.6675,211,0.071
8.25,9.25,348,36.1,2.36,2.05,6.6675,211,0.069
8.23,8.59,348.3,38.9,2.4,2.1,6.7165,362.5,0.068
8.26,8.59,349,39.2,2.61,2.07,6.7165,362.5,0.067
8.26,8.59,348.3,35.8,2.15,2.07,6.7165,362.5,0.069
8.27,8.54,348.3,33.6,2.01,2.09,6.7165,362.5,0.069
8.28,8.57,347.5,35.7,2.29,2.04,6.7165,362.5,0.067
8.26,8.63,350.3,39.1,2.17,2.01,6.7555,382.5,0.065
8.25,8.66,350.9,38.2,2.2,2.01,6.7555,382.5,0.065
8.26,8.59,349.5,35.9,2.2,2.04,6.7555,382.5,0.068
8.25,8.62,351.8,35.8,1.83,2.08,6.8615,853,0.066
8.27,8.6,351.8,37.9,2.23,2.04,6.8615,853,0.065
8.29,8.6,351.4,32.5,2.22,2.03,6.8615,853,0.068
8.29,8.79,350.8,34.1,2.14,2.02,6.968,693,0.069
8.29,8.79,351.5,33.5,2.17,2.02,6.968,693,0.067
8.29,8.91,351.4,34.2,2.37,2,6.968,693,0.071
8.29,9.04,351.7,32.6,2.26,2,6.968,693,0.073
8.29,9.05,352.6,36.9,2.16,2.04,6.968,693,0.074
8.27,9.17,352.4,41,2.05,2.03,7.2205,654,0.076
8.27,9.33,353.1,41,2.2,2,7.2205,654,0.074
8.26,9.46,353.5,41.3,1.63,1.99,7.2205,654,0.073
8.26,9.57,354.3,34.8,2.64,1.98,7.2205,654,0.078
8.26,9.79,355.3,40.3,2.49,2.01,7.2205,654,0.082
8.28,9.96,353.2,42.8,2.04,2.03,7.396,1590,0.084
8.24,9.95,355.2,48.2,2.09,1.98,7.396,1590,0.092
8.31,10.13,353.3,44.6,2.11,2,7.396,1590,0.093
8.3,10.08,352.8,42.5,1.96,1.99,7.4625,2440,0.089
8.31,9.86,353.9,42.8,2.26,1.98,7.4625,2440,0.084
8.31,9.87,354.5,41.5,2.12,1.98,7.4625,2440,0.087
8.31,9.74,353.7,43.1,2.07,1.99,7.4625,2440,0.086
8.34,9.72,354.2,40.5,2.29,1.97,7.4625,2440,0.081
8.34,9.56,353.9,31.5,1.84,1.96,7.4625,2440,0.085
8.33,9.7,353.4,41,2.14,1.96,7.549,2845,0.081
8.33,9.73,353.6,46.8,2.06,1.96,7.549,2845,0.078
8.34,9.5,352.9,46.7,2.4,1.98,7.549,2845,0.075
8.34,9.34,351.8,50.1,1.76,1.98,7.549,2845,0.073
8.33,9.38,352.9,49.3,2.06,1.98,7.549,2845,0.074
8.32,9.89,354.4,50.6,2.03,1.93,7.6905,2890,0.079
8.33,9.96,356.6,52.9,2.27,2,7.6905,2890,0.078
8.32,10.01,358,50.1,2.22,2.01,7.6905,2890,0.075
8.32,10.33,360,48.7,2.79,2.01,7.6905,2890,0.083
8.3,10.29,360.8,54.4,4.1,1.95,7.839,2935,0.083
8.32,10.22,359.1,52.4,5.96,2.01,7.839,2935,0.081
8.34,9.96,357.8,51.1,6.01,1.94,7.839,2935,0.08
8.34,9.89,357.9,54.6,4.82,1.98,7.8935,2970,0.076
8.35,9.9,356.7,45,5.69,1.96,7.8935,2970,0.078
8.39,9.36,354.7,55.5,1.74,1.94,7.8935,2970,0.077
8.36,9.51,354,60.2,2.05,1.93,7.8935,2970,0.074
8.37,9.36,353.8,61.8,1.81,1.96,7.9355,3185,0.072
8.36,9.04,352.8,62.2,1.69,1.93,7.9355,3185,0.071
8.4,9.02,353.5,62.7,1.93,1.92,7.9355,3185,0.067
8.42,8.9,351.5,61.9,2.02,1.94,7.9355,3185,0.072
8.41,8.94,352.2,63.2,1.77,1.94,7.96,3220,0.066
8.42,8.94,352.2,62.8,1.52,1.94,7.96,3220,0.069
8.42,8.68,351.2,57.2,1.64,1.96,7.96,3220,0.071
8.4,8.81,352.3,59.8,1.66,1.94,7.96,3220,0.066
8.38,8.95,353.3,57.3,2,1.94,7.9405,3045,0.07
8.39,8.9,353.3,61.2,1.74,1.99,7.9405,3045,0.076
8.39,8.87,352.6,62.9,2.05,1.96,7.9405,3045,0.077
8.45,8.64,348.7,59.7,1.86,2,7.9405,3045,0.08
8.38,8.77,352.3,66.9,1.82,1.93,7.9405,3045,0.078
8.38,8.86,355,64.1,1.92,1.91,7.907,2990,0.068
8.39,8.83,354.2,60.1,1.61,1.92,7.907,2990,0.071
8.41,8.84,355.4,65.1,1.96,1.84,7.779,2540,0.065
8.4,9.05,357.1,70.1,1.37,1.86,7.779,2540,0.062
8.38,9.24,357.9,65.8,1.47,1.88,7.659,2520,0.068
8.35,9.39,360.9,69.9,1.65,1.83,7.659,2520,0.067
8.36,9.11,356.9,68.1,1.69,1.88,7.659,2520,0.07
8.41,8.84,357.4,68.9,1.81,1.84,7.659,2520,0.071
8.38,8.97,358.1,73.9,1.77,1.84,7.659,2520,0.07
8.37,9.16,360.4,70.4,1.48,1.86,7.551,2405,0.07
8.38,9.26,361.5,74.2,1.86,1.86,7.551,2405,0.07
8.4,9.14,359.4,70.1,1.73,1.85,7.551,2405,0.071
8.46,8.78,355.7,65.2,1.74,1.87,7.551,2405,0.069
8.42,8.94,360,70.3,1.78,1.84,7.551,2405,0.071
8.39,9.42,363.5,65.1,1.31,1.88,7.4555,1905,0.071
8.39,9.39,363.8,69.1,1.46,1.83,7.4555,1905,0.076
8.41,9.11,364.1,62.6,1.46,1.88,7.4555,1905,0.072
8.21,8.84,364.4,62.8,1.64,1.83,7.4555,1905,0.09
8.23,8.71,362.6,61.1,2.01,1.84,7.4555,1905,0.068
8.24,8.74,364.4,58.2,1.7,1.82,7.336,1780,0.067
8.23,8.85,364.9,58.9,1.55,1.82,7.336,1780,0.067
8.21,9.04,366.8,59.4,1.42,1.83,7.336,1780,0.067
8.22,9.04,366.1,56.1,1.86,1.81,7.336,1780,0.067
8.23,9.12,366.4,55.8,1.81,1.79,7.336,1780,0.065
8.23,9.22,368,59.2,1.08,1.77,7.2825,1700,0.07
8.23,9.22,368.9,59.8,1.21,1.79,7.2825,1700,0.069
8.25,9.1,364.9,57.3,1.29,1.79,7.2825,1700,0.068
8.28,9,362,55.8,1.52,1.81,7.2825,1700,0.069
8.25,9.25,367.3,60.4,1.53,1.77,7.2825,1700,0.067
8.23,9.3,370.4,62.6,1.53,1.83,7.1255,1710,0.069
8.23,9.48,373.6,70.7,1.56,1.78,7.1255,1710,0.077
8.26,9.31,370.1,62.6,1.91,1.78,7.1255,1710,0.07
8.3,8.91,362.8,61.2,1.45,1.84,7.1255,1710,0.066
8.25,9.28,372.6,63.8,1.43,1.79,7.1255,1710,0.065
8.24,9.4,375.5,61.8,1.66,1.86,6.966,1700,0.072
8.24,9.4,374.9,60,1.19,1.79,6.966,1700,0.069
8.26,9.45,372.9,52,1.55,1.8,6.966,1700,0.07
8.32,9.01,365.5,57.7,1.21,1.8,6.966,1700,0.07
8.28,9.18,367.4,51.8,1.46,1.81,6.966,1700,0.068
8.28,9.2,369.5,60.7,1.71,1.8,6.8655,1565,0.067
8.25,9.26,371.8,62.8,1.4,1.76,6.8655,1565,0.069
8.29,9.31,367.7,57.4,1.45,1.77,6.8655,1565,0.07
8.29,9.21,369.6,58.4,1.43,1.74,6.8655,1565,0.067
8.29,9.18,369.6,60.2,1.25,1.76,6.8655,1565,0.065
8.3,9.2,369.5,56.2,1.19,1.75,6.8315,1350,0.067
8.31,9.2,372.7,57.6,1.28,1.75,6.8315,1350,0.063
8.31,9.24,369.2,53.9,1.45,1.74,6.8315,1350,0.066
8.35,8.92,365.6,50.8,1.03,1.74,6.8315,1350,0.062
8.31,9.08,369.9,50.3,1.28,1.77,6.8315,1350,0.063
8.31,9.16,370,48.9,0.82,1.74,6.8215,1140,0.062
8.29,9.17,372.9,48.7,1.42,1.74,6.8215,1140,0.062
8.31,9.25,369.3,38.4,1.21,1.73,6.8215,1140,0.059
8.29,9.32,375.3,43.7,1.46,1.75,6.8215,1140,0.059
8.28,9.3,375.9,44.2,1.31,1.75,6.7985,1125,0.06
8.27,9.35,376.9,46.4,1.1,1.77,6.7985,1125,0.064
8.27,9.41,377.2,45.9,1.35,1.72,6.7985,1125,0.062
8.31,9.41,373.7,44.4,0.93,1.75,6.7985,1125,0.061
8.36,8.87,369.4,40.5,1.56,1.73,6.7985,1125,0.06
8.3,9.25,373.2,42.1,1.13,1.72,6.7985,1125,0.058
8.29,9.3,373.5,42.5,1.06,1.77,6.78,1050,0.062
8.28,9.34,375.2,44.2,0.75,1.77,6.78,1050,0.068
8.27,9.41,377.8,46,1,1.74,6.78,1050,0.082
8.3,9.36,374.3,51.6,1.18,1.74,6.78,1050,0.09
8.34,8.99,369.7,46,1.41,1.75,6.78,1050,0.086
8.3,9.21,374.2,58.1,0.84,1.78,6.78,1050,0.085
8.27,9.25,375.7,54.8,1.3,1.79,6.776,1070,0.08
8.28,9.35,377.3,48.3,1.43,1.76,6.776,1070,0.079
8.28,9.41,377.6,47.6,1.11,1.77,6.776,1070,0.087
8.3,9.46,375.3,47,1.46,1.74,6.776,1070,0.091
8.35,9.15,370,45.4,1.39,1.76,6.776,1070,0.092
8.31,9.27,374.9,47.9,1.28,1.74,6.776,1070,0.087
8.32,9.34,374.6,45.6,1.06,1.81,6.77,1080,0.079
8.32,9.41,377.4,44.8,1.48,1.73,6.77,1080,0.076
8.31,9.39,376.7,44.6,1.03,1.75,6.77,1080,0.084
8.32,9.44,376.4,40,1.63,1.7,6.77,1080,0.093
8.33,9.41,377.3,40.3,1.27,1.75,6.77,1080,0.093
8.31,9.37,377.5,41.5,1.14,1.73,6.77,1080,0.089
8.32,9.4,378.6,42.3,1.27,1.72,6.7815,930.5,0.082
8.31,9.42,378.4,46.6,1.52,1.73,6.7815,930.5,0.084
8.29,9.51,380.7,41.5,1.35,1.72,6.7815,930.5,0.098
8.28,9.46,380.5,41.4,1.03,1.75,6.7815,930.5,0.099
8.28,9.44,381.9,38.2,1.3,1.76,6.7815,930.5,0.087
8.27,9.56,383.3,40.5,1.07,1.74,6.7905,802,0.079
8.28,9.53,383.1,39.8,1.43,1.71,6.7905,802,0.083
8.27,9.58,383.3,37.8,1.43,1.77,6.7905,802,0.093
8.27,9.58,382.6,39.3,1.46,1.76,6.7905,802,0.095
8.28,9.6,384.9,38.3,1.36,1.78,6.7905,802,0.091
8.28,9.57,384.7,40.1,1.14,1.77,6.796,725,0.079
8.29,9.56,383,39.4,1.2,1.72,6.796,725,0.072
8.29,9.6,386,37.6,1.14,1.73,6.796,725,0.067
8.31,9.53,382.8,34.3,1.04,1.74,6.796,725,0.069
8.28,9.49,384.7,36.9,1.49,1.75,6.796,725,0.066
8.3,9.53,385.2,39.5,1.14,1.75,6.7775,610.5,0.072
8.28,9.58,386.2,35.8,1.16,1.69,6.7775,610.5,0.076
8.3,9.6,383.2,37.6,1.3,1.72,6.7775,610.5,0.07
8.36,9.14,377,36.6,1.28,1.76,6.7775,610.5,0.067
8.32,9.37,380,37.2,1.34,1.72,6.7775,610.5,0.066
8.31,9.51,384,38.3,1.32,1.73,6.7425,759,0.065
8.28,9.52,384.7,33.3,0.99,1.69,6.7425,759,0.065
8.31,9.49,381.5,40,1.2,1.73,6.7425,759,0.064
8.36,8.99,375.4,38,1.09,1.74,6.7425,759,0.062
8.34,9.27,381.6,39.2,0.79,1.73,6.7425,759,0.062
8.34,9.27,381.6,39.2,0.79,1.73,8.3245,1160,0.062
8.32,9.3,381.2,39.9,1.53,1.73,6.726,901.5,0.06
8.33,9.3,384.2,40.3,1.13,1.7,6.726,901.5,0.058
8.33,9.36,382.4,33.3,1.01,1.73,6.726,901.5,0.062
8.34,9.27,383.3,39.8,1.19,1.78,6.726,901.5,0.06
8.33,9.29,383.5,35.5,1.32,1.75,6.726,901.5,0.058
8.3,9.42,386.3,39.4,1.14,1.72,6.716,1005,0.081
8.31,9.4,385.5,32.3,1.23,1.71,6.716,1005,0.077
8.3,9.46,387.6,34.1,1.09,1.72,6.716,1005,0.074
8.32,9.46,387,36,1.19,1.74,6.716,1005,0.071
8.31,9.44,387.5,31.1,1.63,1.76,6.716,1005,0.068
8.3,9.39,388.4,38.5,1.01,1.76,6.7155,1020,0.073
8.29,9.62,383.6,42.6,1.28,1.78,6.7155,1020,0.14
8.26,9.24,388.5,44.7,1.45,1.68,6.7155,1020,0.094
8.29,9.08,388.3,38.9,1.14,1.75,6.7155,1020,0.096
8.32,9.13,388.7,35.5,1.38,1.75,6.7125,1035,0.108
8.32,9.11,389.1,37.3,1.14,1.76,6.7125,1035,0.109
8.32,9.06,388.1,33.4,1.86,1.76,6.7125,1035,0.108
8.35,8.95,385.3,35.8,1.38,1.78,6.7125,1035,0.109
8.32,8.97,387.2,34,1.32,1.74,6.7125,1035,0.1
8.3,9.07,388,35.2,1.82,1.76,6.6945,1050,0.084
8.27,9.09,386.3,36.4,1.35,1.73,6.6945,1050,0.089
8.17,9.19,393.3,32.4,1.11,1.99,6.6945,1050,0.089
8.19,9.05,390.1,37.4,1.38,1.96,6.6945,1050,0.075
8.2,9.14,389.7,38.6,1.52,1.97,6.7,966,0.068
8.17,9.08,389.5,34.6,0.96,1.99,6.7,966,0.062
8.21,9.2,390.7,30.9,1.06,1.96,6.7,966,0.06
8.23,9.26,389.7,30.7,1.29,1.79,6.7,966,0.07
8.25,8.92,385.4,30.6,1.23,1.81,6.7,966,0.057
8.21,9.07,387.1,30.3,1.11,1.8,6.7,966,0.055
8.19,9.12,388.5,33.5,0.98,1.78,6.6885,903.5,0.059
8.21,9.15,390.6,32.2,1.1,1.79,6.6885,903.5,0.062
8.17,9.24,390.4,30.7,0.94,1.77,6.6885,903.5,0.087
8.22,9.34,389.2,29.5,1.07,1.76,6.6885,903.5,0.113
8.26,8.94,385.1,28.2,1.69,1.79,6.6885,903.5,0.097
8.22,9.12,386.8,32.2,1.23,1.75,6.709,916,0.075
8.21,9.14,389.5,31.8,1.12,1.81,6.709,916,0.103
8.2,9.15,390,33.6,1.25,1.77,6.709,916,0.123
8.23,9.27,389.2,33.1,1.49,1.79,6.709,916,0.123
8.19,8.88,383.6,31.7,1.42,1.79,6.709,916,0.111
8.25,9.03,388.3,32.2,1.3,1.81,6.709,916,0.105
8.27,9.09,389.1,30.8,1.04,1.79,6.7355,928,0.093
8.27,9.09,387.1,33.6,1.56,1.75,6.7355,928,0.086
8.27,9.1,388.8,30.4,1.18,1.78,6.7355,928,0.08
8.3,8.89,386,31.8,1.53,1.78,6.7355,928,0.087
8.28,9,387.8,35.1,1.4,1.81,6.778,939.5,0.068
8.28,9.1,388.2,33.8,1.42,1.78,6.778,939.5,0.068
8.31,9.16,389.6,32,1.27,1.78,6.778,939.5,0.005
8.31,9.27,389.4,30.7,1.25,1.79,6.778,939.5,0.062
8.34,8.85,384.2,28.2,1.53,1.76,6.778,939.5,0.058
8.33,9.01,386.9,30.7,1.73,1.73,6.778,939.5,0.06
8.32,9.11,390.5,31.3,0.96,1.78,6.8205,891,0.059
8.32,9.22,390.6,30.4,1.4,1.78,6.8205,891,0.063
8.3,9.3,391.8,31,1.27,1.81,6.8205,891,0.082
8.32,9.15,390.7,34.2,1.4,1.8,6.8205,891,0.098
8.33,8.81,384.8,34.7,1.68,1.81,6.8205,891,0.104
8.32,8.84,391.7,38.4,1.76,1.82,6.8205,891,0.094
8.29,8.92,392,38.6,1.4,1.85,6.816,840,0.081
8.31,8.95,393.5,39.6,1.57,1.84,6.816,840,0.094
8.33,8.95,391.9,37.6,1.54,1.83,6.816,840,0.068
8.33,9.07,390.9,37.6,1.52,1.79,6.816,840,0.067
8.33,9.08,392.4,39,1.8,1.85,6.816,840,0.063
8.33,9.11,392.5,38.4,1.44,1.84,6.816,840,0.064
8.32,8.98,391,38.9,1.2,1.84,6.8305,849.5,0.062
8.34,8.94,391.3,35.9,1.56,1.83,6.8305,849.5,0.066
8.34,8.85,391.8,34.2,1.52,1.8,6.8305,849.5,0.008
8.34,8.9,391.7,35.4,1.42,1.84,6.8305,849.5,0.087
8.33,8.88,389.6,33.8,1.12,1.81,6.8305,849.5,0.083
8.32,8.91,391.2,37.4,1.11,1.78,6.8305,849.5,0.08
8.32,8.92,391.6,35.8,1.53,1.81,6.9015,866.5,0.081
8.32,9.15,394.1,34.2,1.37,1.78,6.9015,866.5,0.082
8.33,9.12,393.6,33.1,1.45,1.75,6.9015,866.5,0.078
8.32,9.16,393.5,30.5,1.03,1.79,6.9015,866.5,0.078
8.34,9.12,394.2,30.2,1,1.8,6.9015,866.5,0.075
8.32,9.4,396.2,29.6,1.68,1.79,6.9015,866.5,0.076
8.32,9.6,398.7,32,1.1,1.76,7.0125,888.5,0.078
8.32,9.6,400.7,32.1,1.25,1.76,7.0125,888.5,0.083
8.32,9.8,402.5,32,1.25,1.78,7.0125,888.5,0.086
8.3,9.74,404.1,30.9,0.27,1.78,7.0125,888.5,0.092
8.31,9.83,405.4,33.6,0.74,1.79,7.0125,888.5,0.092
8.28,9.66,405.6,33.6,1.46,1.8,7.0125,888.5,0.092
8.3,9.68,408,31.2,0.98,1.77,6.953,1100,0.092
8.34,9.58,401.8,33.7,1.92,1.76,6.953,1100,0.079
8.35,9.51,401.7,34.5,1.69,1.72,6.953,1100,0.075
8.34,9.43,402.3,35.1,1.64,1.74,6.956,1515,0.075
8.34,9.43,402.2,35.7,1.88,1.76,6.956,1515,0.082
8.34,9.42,403.3,34.4,1.93,1.76,6.956,1515,0.101
8.33,9.49,402.3,35.5,2.13,1.75,6.956,1515,0.111
8.35,9.44,402.4,36.4,1.86,1.74,6.956,1515,0.1
8.35,9.48,401.5,34.6,1.82,1.73,6.956,1515,0.089
8.35,9.46,402.8,33.1,1.92,1.74,6.9785,1815,0.077
8.35,9.5,403.2,32.9,1.82,1.71,6.9785,1815,0.067
8.34,9.54,403.5,31.4,2.04,1.73,6.9785,1815,0.061
8.37,9.41,399.8,32.3,1.68,1.76,6.9785,1815,0.059
8.44,8.83,391.9,31.7,1.82,1.75,6.9785,1815,0.056
8.41,9.12,397.5,30.8,2.01,1.74,6.9785,1815,0.054
8.39,9.21,398,30.8,2,1.76,6.983,1815,0.051
8.36,9.31,400.4,30.5,1.88,1.75,6.983,1815,0.051
8.41,10.07,422.4,19.4,1.61,1.72,6.956,1405,0.05
8.42,9.96,418.4,19.2,1.96,1.72,6.879,1300,0.045
8.5,9.12,408.5,18.7,1.7,1.73,6.879,1300,0.043
8.47,9.44,412.6,18.8,1.5,1.77,6.879,1300,0.044
8.44,9.7,417.5,18.6,1.81,1.74,6.79,1400,0.043
8.44,9.73,420.4,18.4,1.99,1.71,6.79,1400,0.045
8.48,9.68,418.7,17.9,1.76,1.71,6.79,1400,0.044
8.48,9.46,414.8,17.5,1.63,1.72,6.79,1400,0.043
8.46,9.55,418.8,17.2,1.61,1.71,6.722,1255,0.042
8.48,9.35,1.4,154.4,1.66,1.66,6.722,1255,0.049
8.48,9.35,1.4,154.4,1.56,1.71,6.722,1255,0.045
8.48,9.35,1.4,154.4,1.81,1.68,6.722,1255,0.044
8.48,9.35,1.4,154.4,1.9,1.68,6.722,1255,0.042
8.48,9.35,1.4,154.4,1.64,1.68,6.6835,1079.5,0.041
8.48,9.35,1.4,154.4,1.66,1.7,6.6835,1079.5,0.043
8.47,9.7,409.5,16.8,1.63,1.71,6.6835,1079.5,0.047
8.48,9.62,413.1,16.4,1.66,1.73,6.6835,1079.5,0.047
8.46,9.8,415,16.8,1.75,1.7,6.7515,1145,0.048
8.45,9.84,416.4,16.5,1.76,1.69,6.7515,1145,0.046
8.44,10.05,418.3,16.8,1.61,1.68,6.7515,1145,0.05
8.43,10.13,420.5,16.9,2.06,1.68,6.7515,1145,0.047
8.44,10.14,420.1,18.2,1.63,1.7,6.7515,1145,0.05
8.44,10.14,420.8,19,2.16,1.67,6.7655,1265,0.047
8.45,10.13,421,17.9,1.74,1.65,6.7655,1265,0.046
8.48,10.19,419.6,17.3,1.55,1.65,6.7655,1265,0.046
8.49,10.12,416.7,17.1,1.66,1.66,6.7655,1265,0.045
8.51,9.96,419.4,18.8,1.94,1.66,6.7655,1265,0.045
8.49,9.9,418.7,17.8,1.74,1.67,6.722,1210,0.043
8.48,9.89,418.3,17.6,1.92,1.66,6.722,1210,0.044
8.48,10.09,420.2,17.2,1.53,1.63,6.722,1210,0.043
8.51,9.99,417.8,16.7,1.62,1.64,6.722,1210,0.042
8.51,9.81,416.4,17.9,1.82,1.64,6.722,1210,0.041
8.49,9.72,415.8,17.2,1.72,1.68,6.7315,1075,0.041
8.49,9.8,415.4,16,1.67,1.67,6.7315,1075,0.039
8.49,9.77,414.8,16.5,1.92,1.67,6.7315,1075,0.042
8.49,9.74,414.9,18.7,1.65,1.66,6.7315,1075,0.04
8.48,9.62,413.1,17.4,1.58,1.67,6.763,1245,0.042
8.48,9.64,416,16.6,1.56,1.65,6.763,1245,0.041
8.49,9.66,414.2,17.1,1.73,1.69,6.763,1245,0.04
8.49,9.65,414.7,16.7,2.09,1.63,6.763,1245,0.039
8.49,9.67,412.9,16.8,1.62,1.7,6.763,1245,0.039
8.49,9.6,413.7,16.4,1.84,1.67,6.823,1330,0.041
8.48,9.57,414.6,16,1.6,1.66,6.823,1330,0.038
8.49,9.6,416.3,16,2.26,1.64,6.823,1330,0.039
8.5,9.6,414.6,16,1.86,1.62,6.823,1330,0.039
8.48,9.55,415.2,16.9,1.62,1.67,6.823,1330,0.04
8.46,9.52,415.6,15.8,1.91,1.68,6.9255,1425,0.038
8.47,9.68,417.8,16.2,1.73,1.66,6.9255,1425,0.039
8.46,9.66,418.3,16.1,2.05,1.65,6.9255,1425,0.042
8.45,9.58,419.3,16.2,0.39,1.72,6.9255,1425,0.05
8.45,9.59,419.1,16.7,0.93,1.78,6.9255,1425,0.069
8.45,9.58,420.4,17.6,0.86,1.7,7.06,1625,0.057
8.45,9.49,419.4,16.1,1.96,1.71,7.06,1625,0.043
8.47,9.69,420.2,16.2,1.97,1.68,7.06,1625,0.043
8.46,9.62,421.1,16.1,2.19,1.68,7.06,1625,0.045
8.47,9.58,422,16.1,1.94,1.7,7.2645,2030,0.049
8.44,9.49,419.8,15.6,1.86,1.69,7.2645,2030,0.047
8.44,9.44,419.5,15.2,0.53,1.65,7.2645,2030,0.053
8.45,9.47,421.2,16.6,0.92,1.71,7.2645,2030,0.058
8.44,9.44,421.3,17,0.38,1.69,7.5495,2625,0.065
8.41,9.4,419.5,16,0.42,1.67,7.5495,2625,0.073
8.42,9.25,421.2,19.8,0.38,1.78,7.942,3370,0.005
8.41,9.48,425.3,15.9,1.84,1.6,7.942,3370,0.084
8.4,9.39,423.3,15.9,2.11,1.76,7.942,3370,0.095
8.39,9.33,425.3,16.5,1.71,1.75,7.942,3370,0.083
8.39,9.38,427.4,17.8,2.3,1.7,8.322,3620,0.068
8.38,9.49,427.1,17.5,1.94,1.73,8.322,3620,0.091
8.37,9.7,430.9,18,2,1.71,8.322,3620,0.109
8.35,9.81,432.5,18.6,1.95,1.74,8.322,3620,0.099
8.35,9.84,432.4,19.2,1.86,1.74,8.5765,4440,0.099
8.37,9.83,432.3,19,2.2,1.73,8.5765,4440,0.106
8.38,9.8,427.8,20.6,1.8,1.76,8.5765,4440,0.109
8.42,9.69,425.5,19.5,1.86,1.73,8.5765,4440,0.102
8.4,9.69,426.7,19,1.92,1.74,8.5765,4440,0.095
8.39,9.68,424.8,19.8,1.78,1.72,8.7505,5255,0.091
8.4,9.67,425.6,22,1.97,1.74,8.7505,5255,0.096
8.38,9.69,424.3,23.3,1.8,1.76,8.7505,5255,0.102
8.46,9.45,418,21.4,1.76,1.77,8.7505,5255,0.096
8.41,9.4,421.6,22.8,2.25,1.79,8.7505,5255,0.079
8.38,9.62,422.8,23.4,1.82,1.77,8.8135,5425,0.063
8.35,9.63,422.7,26.5,1.76,1.75,8.8135,5425,0.059
8.39,9.53,417.6,24.4,1.79,1.8,8.8135,5425,0.055
8.38,9.44,416.4,24.8,2.09,1.81,8.8135,5425,0.051
8.39,9.38,415.4,24.3,2.13,1.75,8.8135,5425,0.049
8.37,9.44,411,26.8,1.74,1.8,8.793,5080,0.058
8.36,9.36,409.4,32,1.76,1.85,8.793,5080,0.078
8.35,9.46,409.5,29.4,2.03,1.8,8.793,5080,0.09
8.36,9.5,408.7,29.2,2.11,1.81,8.793,5080,0.084
8.35,9.39,406.8,29.2,1.84,1.85,8.793,5080,0.07
8.39,9.27,401.6,30.7,2.13,1.86,8.72,4705,0.058
8.37,9.36,402.5,31,1.94,1.88,8.72,4705,0.053
8.38,9.32,400,31.1,2.12,1.88,8.72,4705,0.047
8.38,9.19,400.8,31.6,2.12,1.88,8.72,4705,0.045
8.36,9.28,401.3,31.5,2.03,1.94,8.72,4705,0.045
8.36,9.26,403,30.5,2.39,1.91,8.61,4250,0.05
8.34,9.31,405.8,30.9,1.78,1.93,8.61,4250,0.062
8.36,9.35,405.8,29.6,1.81,1.94,8.61,4250,0.073
8.37,9.22,403.7,29.6,1.96,1.96,8.61,4250,0.075
8.36,9.3,404.6,29.8,1.82,1.99,8.61,4250,0.069
8.35,9.26,408.8,29.9,2.08,1.98,8.4575,4040,0.058
8.33,9.3,408.7,28.8,2.35,1.95,8.4575,4040,0.053
8.37,9.47,407.4,30.2,1.9,1.96,8.4575,4040,0.055
8.4,9.34,404.8,29.7,1.63,1.98,8.4575,4040,0.067
8.36,9.3,405,30.9,2.01,1.97,8.4575,4040,0.067
8.33,9.32,408,31.2,1.79,1.96,8.3575,3400,0.065
8.33,9.49,408.7,31.2,1.71,1.96,8.3575,3400,0.063
8.33,9.53,409.3,30.4,2.04,1.93,8.3575,3400,0.062
8.35,9.63,408.9,30.4,2.04,1.93,8.3575,3400,0.062
8.4,9.64,407.8,28.5,1.65,1.91,8.3575,3400,0.06
8.34,9.63,410,28.9,1.71,1.96,8.3575,3400,0.062
8.33,9.71,409,27.9,2.18,1.91,8.2625,2970,0.064
8.36,9.73,411.3,27,1.87,1.91,8.2625,2970,0.06
8.36,9.77,413.3,26.5,1.98,1.9,8.2625,2970,0.068
8.35,9.77,412.6,27.2,1.85,1.9,8.2625,2970,0.085
8.36,9.76,414.7,24.8,1.74,1.86,8.2625,2970,0.082
8.35,9.7,415.7,25.3,2.06,1.88,8.2625,2970,0.076
8.36,9.72,416.3,25,2.01,1.85,8.1245,3025,0.071
8.36,9.75,416.2,23.9,1.74,1.88,8.1245,3025,0.066
8.36,9.72,418.2,23.2,1.97,1.88,8.1245,3025,0.079
8.35,9.73,418.5,23,1.74,1.84,8.1245,3025,0.095
8.36,9.72,419.7,22.6,1.82,1.89,8.1245,3025,0.094
8.36,9.67,419,22.5,1.95,1.85,8.1245,3025,0.078
8.34,9.61,420.4,21.9,1.65,1.84,7.99,2765,0.067
8.35,9.67,423.2,22,1.91,1.8,7.99,2765,0.065
8.36,9.61,426.4,21.8,1.65,1.79,7.99,2765,0.082
8.35,10.03,431.3,22.2,1.73,1.83,7.99,2765,0.099
8.37,9.48,422.8,23,2.17,1.82,7.99,2765,0.086
8.38,9.42,422.3,24.3,1.9,1.79,7.99,2765,0.074
8.38,9.4,423.4,21.7,1.8,1.84,7.85,2625,0.06
8.38,9.51,423.6,21.4,1.78,1.82,7.85,2625,0.065
8.37,9.52,422.9,18.9,1.74,1.8,7.85,2625,0.081
8.36,9.61,420.5,22.4,2.11,1.82,7.85,2625,0.087
8.4,9.61,418.2,20.3,1.92,1.81,7.85,2625,0.082
8.39,9.47,419.4,20.1,1.75,1.77,7.85,2625,0.07
8.36,9.52,419.1,21.9,1.9,1.8,7.725,2485,0.061
8.38,9.65,422,20.8,1.98,1.82,7.725,2485,0.057
8.38,9.68,422.4,22.2,1.78,1.77,7.725,2485,0.051
8.4,9.75,419.8,21.9,2.34,1.76,7.725,2485,0.05
8.45,9.53,415.8,21.1,2.01,1.78,7.725,2485,0.047
8.39,9.42,417.7,19.7,1.91,1.8,7.725,2485,0.044
8.38,9.45,418.5,19.8,1.87,1.8,7.6,2305,0.045
8.35,9.59,420.8,22.7,2.07,1.78,7.6,2305,0.058
8.37,9.67,421.6,21.8,1.87,1.78,7.6,2305,0.072
8.44,9.23,414,19.4,1.89,1.81,7.6,2305,0.089
8.37,9.36,417.2,23.4,1.94,1.79,7.6,2305,0.073
8.38,9.36,419.6,22.1,2.13,1.8,7.465,2085,0.063
8.4,9.58,421.3,21,1.68,1.8,7.465,2085,0.051
8.42,9.59,420.3,26.1,1.62,1.81,7.465,2085,0.047
8.4,9.51,420.4,24,1.96,1.8,7.465,2085,0.047
8.39,9.43,423.8,22.4,1.69,1.82,7.325,1880,0.065
8.4,9.46,426.2,22.2,1.82,1.78,7.325,1880,0.083
8.43,9.4,423.5,20,1.81,1.73,7.325,1880,0.084
8.4,9.33,426.9,20.5,1.92,1.76,7.325,1880,0.068
8.41,9.4,429.3,20.1,1.84,1.79,7.205,1695,0.066
8.38,9.42,433.2,20.9,1.79,1.76,7.205,1695,0.08
8.4,9.42,429.4,22.3,2.01,1.81,7.205,1695,0.09
8.41,9.37,429,21.3,2.2,1.8,7.205,1695,0.079
8.41,9.31,430.6,19.7,1.82,1.82,7.205,1695,0.066
8.4,9.39,433,22,1.86,1.77,7.105,1620,0.062
8.39,9.34,434.2,19.7,1.78,1.77,7.105,1620,0.065
8.4,9.35,433,20,1.89,1.78,7.105,1620,0.07
8.41,9.43,434.1,20.3,2.19,1.8,7.105,1620,0.067
8.4,9.4,435.4,19.6,1.62,1.76,7.105,1620,0.06
8.38,9.53,438.1,19.5,2.2,1.78,6.985,1495,0.054
8.38,9.54,441.8,20.3,1.79,1.75,6.985,1495,0.059
8.42,9.6,441.4,20.4,2.26,1.75,6.985,1495,0.066
8.43,9.54,437.4,19.8,1.92,1.73,6.985,1495,0.059
8.41,9.54,441.7,19.1,1.84,1.75,6.985,1495,0.055
8.39,9.42,443.9,19.8,1.81,1.73,6.925,1365,0.047
8.38,9.48,445.1,19.6,1.8,1.72,6.925,1365,0.047
8.44,9.8,448.2,19.7,1.89,1.72,6.925,1365,0.054
8.4,9.68,446.9,18.9,2.14,1.74,6.925,1365,0.052
8.4,9.58,445.9,18.4,1.78,1.76,6.86,1240,0.048
8.39,9.59,447.4,20.6,1.98,1.69,6.86,1240,0.046
8.39,9.74,447.6,20.9,2.29,1.8,6.86,1240,0.05
8.43,9.67,443.2,20.6,1.44,1.79,6.86,1240,0.048
8.4,9.61,443.7,22.1,1.09,1.78,6.86,1240,0.054
8.39,9.53,442.8,19.4,0.74,1.81,6.8,1160,0.048
8.39,9.59,444.9,20.3,1.06,1.78,6.8,1160,0.049
8.42,9.78,444.6,19.4,1.16,1.81,6.8,1160,0.05
8.42,9.67,443.3,19.2,1.56,1.83,6.8,1160,0.05
8.42,9.71,445,20.3,1.55,1.77,6.73,1140,0.045
8.43,9.6,443.2,18.6,1.51,1.77,6.73,1140,0.048
8.43,9.73,444.2,20.4,1.98,1.81,6.73,1140,0.049
8.45,9.82,444.6,19.7,1.55,1.76,6.73,1140,0.046
8.45,9.78,446.7,22.3,1.68,1.78,6.73,1140,0.046
8.44,9.6,445.4,20.1,1.83,1.72,6.69,1060,0.054
8.44,9.67,446.7,21,1.55,1.72,6.69,1060,0.072
8.45,9.83,449.6,20.2,1.96,1.72,6.69,1060,0.071
8.5,9.97,448,21.9,1.77,1.73,6.69,1060,0.065
8.46,9.9,448.4,22.1,1.6,1.74,6.69,1060,0.06
8.45,9.76,449.4,21.7,1.87,1.76,6.67,976,0.069
8.46,9.81,448,20.2,1.89,1.69,6.67,976,0.07
8.5,10.11,449.8,20.3,1.9,1.72,6.67,976,0.073
8.54,10.16,447.2,22.1,1.78,1.74,6.67,976,0.071
8.5,10,448.7,23,1.63,1.73,6.67,976,0.062
8.5,9.92,448.8,22.6,1.63,1.7,6.67,955,0.057
8.47,9.86,450,21.8,1.58,1.73,6.67,955,0.068
8.52,10.05,450.6,20.4,1.74,1.69,6.67,955,0.077
8.54,10.2,450,20.6,1.62,1.69,6.67,955,0.074
8.5,9.96,450,21.9,1.97,1.7,6.67,955,0.063
8.5,9.89,451.1,22.8,1.36,1.71,6.715,925,0.062
8.5,9.8,448.4,21.7,1.74,1.69,6.715,925,0.071
8.53,10.18,451.3,21.4,1.79,1.71,6.715,925,0.079
8.59,10.23,450.1,22.1,1.9,1.71,6.715,925,0.08
8.55,10,451.7,22.8,1.9,1.72,6.715,925,0.079
8.5,9.81,455.6,22.4,1.55,1.67,6.72,1053.5,0.083
8.5,9.83,453.8,21,1.73,1.67,6.72,1053.5,0.084
8.55,10.16,453.3,21.2,1.86,1.72,6.72,1053.5,0.081
8.6,10.42,454,21.6,1.78,1.73,6.72,1053.5,0.082
8.55,10.11,456.8,22.2,1.7,1.74,6.72,1053.5,0.089
8.51,9.96,457.2,23.4,1.47,1.71,6.66,1260,0.083
8.5,10,458.8,23.9,1.46,1.69,6.66,1260,0.083
8.61,10.5,456.3,24,1.89,1.74,6.66,1260,0.082
8.57,10.2,458.9,25.6,1.44,1.71,6.66,1260,0.073
8.55,9.92,455.3,25.1,2.06,1.72,6.59,1260,0.065
8.54,9.98,457.9,26.1,1.59,1.7,6.59,1260,0.073
8.59,10.45,456.9,23,1.78,1.69,6.59,1260,0.077
8.66,10.55,451.6,42,1.77,1.72,6.59,1260,0.078
8.61,10.18,455.3,37.5,1.6,1.7,6.59,1260,0.07
8.58,9.89,453.1,35.4,1.82,1.75,6.63,1275,0.063
8.59,9.94,456.8,24.2,1.85,1.69,6.63,1275,0.067
8.64,10.25,454.5,21.5,1.82,1.71,6.63,1275,0.075
8.6,9.96,455.1,25.3,1.71,1.75,6.63,1275,0.066
8.55,9.79,455,27.1,1.67,1.76,6.695,1135,0.057
8.54,9.75,454.6,24.9,1.48,1.75,6.695,1135,0.066
8.55,9.83,452.4,21.8,1.77,1.77,6.695,1135,0.073
8.57,9.88,454.9,27.2,2.25,1.76,6.695,1135,0.075
8.52,9.65,454.4,26.9,1.75,1.74,6.695,1135,0.072
8.5,9.6,455.3,27.6,1.85,1.75,6.66,1050,0.057
8.51,9.56,454.9,23.8,1.56,1.73,6.66,1050,0.062
8.54,9.69,455,23.7,1.5,1.72,6.66,1050,0.076
8.53,9.71,455.4,22.1,2.06,1.73,6.66,1050,0.074
8.51,9.53,454,24.5,1.48,1.73,6.66,1050,0.07
8.5,9.44,453.7,22.4,2.08,1.72,6.635,1060,0.064
8.48,9.4,455.1,22.3,1.82,1.7,6.635,1060,0.071
8.5,9.45,454.9,22.5,1.82,1.69,6.635,1060,0.07
8.47,9.32,452.1,19.7,1.66,1.69,6.635,1060,0.066
8.48,9.27,453.2,20.4,1.96,1.71,6.655,1065,0.066
8.45,9.26,452.3,18.4,1.97,1.68,6.655,1065,0.088
8.47,9.28,451.1,16.1,2.04,1.69,6.655,1065,0.108
8.48,9.29,451.4,17.7,1.66,1.69,6.655,1065,0.099
8.49,9.17,451.3,18.8,1.34,1.71,6.655,1065,0.08
8.47,9.13,452.4,20.6,1.49,1.7,6.77,1070,0.06
8.47,9.1,451.1,17.2,2.01,1.7,6.77,1070,0.055
8.39,9.15,456.2,22.2,1.74,1.72,6.77,1070,0.051
8.43,9.14,454.5,12.4,1.84,1.75,6.77,1070,0.048
8.43,9.06,458.6,12,2.02,1.76,6.77,1070,0.047
8.43,9.02,458.1,14.2,1.35,1.75,6.995,1430,0.049
8.44,8.98,458,13.9,1.59,1.75,6.995,1430,0.048
8.44,9.07,459.1,13.8,1.76,1.7,6.995,1430,0.049
8.45,9.08,459.6,14.2,1.98,1.68,6.995,1430,0.049
8.45,9.04,458.1,17,1.36,1.68,6.995,1430,0.049
8.44,9,456,19,1.6,1.69,7.3165,2320,0.051
8.44,8.95,458.2,16.3,1.5,1.67,7.3165,2320,0.054
8.44,8.97,457.8,15.8,1.98,1.65,7.3165,2320,0.054
8.45,9.02,456.8,16.8,1.7,1.69,7.3165,2320,0.057
8.43,8.97,457.9,16.5,1.77,1.68,7.3165,2320,0.057
8.42,9.05,462,17.7,1.78,1.7,7.7505,2945,0.054
8.41,9.14,463.4,17.5,1.66,1.67,7.7505,2945,0.056
8.42,9.24,464.7,18.4,2.07,1.66,7.7505,2945,0.057
8.42,9.22,463,15.7,1.6,1.62,7.7505,2945,0.053
8.44,9.17,462.2,15.4,1.86,1.67,7.7505,2945,0.052
8.43,9.13,461.2,15.8,1.63,1.66,8.158,4250,0.048
8.44,9.13,458.7,17.1,2.01,1.64,8.158,4250,0.051
8.45,9.16,459.6,17.6,1.84,1.7,8.158,4250,0.052
8.42,9.19,458.6,17.8,1.39,1.62,8.158,4250,0.047
8.45,9.04,460.5,16.6,1.67,1.68,8.158,4250,0.051
8.46,9.08,459.7,16.8,1.43,1.65,8.54,5790,0.049
8.42,9.09,460.3,17.6,1.74,1.66,8.54,5790,0.048
8.42,9.12,460.5,15.7,1.56,1.68,8.54,5790,0.05
8.44,9.04,458.7,16.1,1.7,1.66,8.54,5790,0.058
8.41,8.96,460.3,14.3,1.32,1.68,8.995,6930,0.061
8.38,9.02,459.3,14.4,1.63,1.69,8.995,6930,0.065
8.41,8.98,457.9,14.9,1.28,1.68,8.995,6930,0.071
8.43,9.03,457.7,14.4,1.7,1.67,8.995,6930,0.082
8.39,9.08,458.6,15.5,1.77,1.67,8.995,6930,0.076
8.38,9.07,459.4,16,1.36,1.69,9.424,8265,0.069
8.39,9.02,457.4,15.3,0.25,1.68,9.424,8265,0.005
8.39,9.04,457.3,16.8,1.67,1.72,9.424,8265,0.085
8.4,9.03,456.4,16.6,1.36,1.73,9.424,8265,0.083
8.38,9,457.1,14.9,1.45,1.72,9.424,8265,0.077
8.37,8.96,455.7,16.3,2.3,1.73,9.7455,8735,0.062
8.4,8.95,453.6,16.8,0.46,1.72,9.7455,8735,0.071
8.38,9.02,450.4,19.4,1.67,1.72,9.7455,8735,0.076
8.38,9.02,450.6,19.1,1.71,1.75,9.7455,8735,0.072
8.38,8.93,448.8,18,1.46,1.76,9.7455,8735,0.069
8.36,8.94,448.7,21.4,1.6,1.74,9.939,8120,0.061
8.36,8.92,448.3,21,2.01,1.73,9.939,8120,0.071
8.38,8.94,447.4,23.7,0.39,1.74,9.939,8120,0.074
8.4,8.89,443.2,24.7,1.55,1.73,9.939,8120,0.074
8.39,8.84,442.3,23.6,1.8,1.77,9.939,8120,0.071
8.37,8.85,441.4,24.7,0.25,1.7,10.016,7825,0.065
8.38,8.93,429.4,25.8,0.31,1.77,10.016,7825,0.03
8.4,8.81,422.5,28.9,1.67,1.82,10.016,7825,0.069
8.38,8.79,423.2,31.1,1.31,1.79,10.016,7825,0.068
8.35,8.81,420.7,30,1.81,1.83,9.9895,7500,0.063
8.36,8.82,420.2,30.8,0.98,1.79,9.9895,7500,0.064
8.35,8.84,418.5,33.2,0.36,1.79,9.9895,7500,0.068
8.35,8.89,418.4,35.9,1.95,1.83,9.9895,7500,0.071
8.36,8.67,416.4,32.4,1.35,1.92,9.9895,7500,0.078
8.34,8.7,417,30.2,0.41,1.9,9.901,7480,0.069
8.35,8.74,419.9,29.9,0.32,1.85,9.901,7480,0.065
8.33,8.79,419.6,28.7,2.1,1.86,9.901,7480,0.066
8.37,8.82,416.6,30.8,0.87,1.9,9.901,7480,0.072
8.36,8.64,412.9,26.7,1.74,1.88,9.901,7480,0.052
8.34,8.65,415.4,26.1,2.09,1.89,9.8555,7165,0.055
8.36,8.72,414.6,26.5,2.34,1.86,9.8555,7165,0.056
8.34,8.79,416.4,26.3,0.25,1.91,9.8555,7165,0.005
8.35,8.81,413.5,25.8,0.46,1.86,9.8555,7165,0.057
8.35,8.78,414.9,24,0.3,1.88,9.8555,7165,0.058
8.36,8.76,414.8,24.9,2.34,1.95,9.8555,7165,0.053
8.33,8.75,416.6,24.8,2.01,0.05,9.9555,6340,0.054
8.33,8.78,417,24.5,1.9,1.9,9.9555,6340,0.055
8.33,8.74,416.6,24.8,0.25,1.88,9.9555,6340,0.062
8.32,8.77,417.2,26.2,0.49,1.94,9.9555,6340,0.066
8.33,8.75,416.8,29.4,2.24,2,9.9555,6340,0.072
8.33,8.72,416.5,28.5,0.26,1.92,10.1845,5560,0.056
8.35,8.72,416,29.3,0.25,1.97,10.1845,5560,0.055
8.35,8.7,415.1,32.3,0.25,1.9,10.1845,5560,0.059
8.34,8.59,414.1,38.2,0.25,1.9,10.3525,6060,0.057
8.3,8.48,411.8,50,2.57,1.96,10.3525,6060,0.073
8.29,8.44,412.5,50.4,0.27,2,10.3525,6060,0.059
8.28,8.44,414.8,46.5,2.82,2.06,10.3525,6060,0.133
8.29,8.37,416.7,58.1,0.73,2.1,10.3525,6060,0.095
8.24,8.33,417.3,51.4,1.2,2.06,10.5755,6740,0.074
8.27,8.17,415.6,46.5,0.75,2.03,10.5755,6740,0.075
8.26,8.07,408.8,40.6,0.83,1.99,10.5755,6740,0.069
8.28,8.23,413.5,27.9,2.5,1.97,10.82,7420,0.058
8.27,8.2,415.2,25.9,2.34,2.02,10.82,7420,0.059
8.25,8.28,418.9,24.5,2.45,1.95,11.0665,9065,0.056
8.28,8.29,418.1,24.4,2.48,1.93,11.0665,9065,0.054
8.26,8.37,419.7,25.1,2.3,1.91,11.0665,9065,0.056
8.29,8.48,419.2,28,2.72,1.92,11.0665,9065,0.055
8.32,8.39,417.3,25.4,2.2,1.92,11.0665,9065,0.055
8.32,8.36,417.5,35.2,2.36,1.93,11.0665,9065,0.06
8.29,8.39,416.7,25.3,1.9,1.91,11.207,9145,0.056
8.29,8.39,417.8,25.7,1.75,1.91,11.207,9145,0.054
8.29,8.39,415.2,25.7,2.48,1.9,11.207,9145,0.056
8.32,8.4,413.9,26,2.39,1.93,11.207,9145,0.052
8.33,8.22,410.4,32,2.39,1.93,11.207,9145,0.052
8.31,8.18,405.4,27.1,2.1,1.92,11.231,8035,0.054
8.28,8.14,401.4,27.3,2.36,1.97,11.231,8035,0.054
8.29,8.15,397.2,33.9,2.81,1.93,11.231,8035,0.053
8.3,8.09,393.1,35.3,2.47,1.97,11.231,8035,0.054
8.3,7.77,382.9,43.2,2.64,2,11.231,8035,0.055
8.3,7.77,382.9,43.2,2.65,1.98,11.231,8035,0.053
8.29,7.78,381.4,48.1,2.58,2.03,11.177,7260,0.057
8.28,7.82,379.4,40,2.18,2.07,11.177,7260,0.058
8.26,7.89,379,42.2,2.82,2.05,11.177,7260,0.055
8.29,7.91,376.4,43.8,2.33,2.04,11.177,7260,0.056
8.3,7.77,373.4,45.8,2.8,2.07,11.177,7260,0.055
8.27,7.73,374,46.4,2.41,2.06,11.177,7260,0.056
8.26,7.74,372.8,42.8,2.3,2.06,11.083,7210,0.055
8.27,7.78,373.4,39.9,2.82,2.1,11.083,7210,0.053
8.25,7.9,372.5,47,2.74,2.11,11.083,7210,0.06
8.26,7.94,371.6,42.4,2.56,2.11,11.083,7210,0.057
8.24,7.98,370.8,40.3,3.03,2.14,11.083,7210,0.056
8.25,7.98,368.8,42.2,2.98,2.12,11.083,7210,0.055
8.25,7.97,368,36,2.77,2.1,10.9635,7305,0.053
8.25,7.95,365.1,41.8,2.42,2.12,10.9635,7305,0.058
8.26,7.96,365.4,48.2,2.62,2.12,10.9635,7305,0.06
7.91,8.3,366.2,134.2,3,2.34,10.9635,7305,0.119
7.89,8.16,364.6,36.6,2.23,2.11,10.9635,7305,0.061
7.9,8.21,367,34.8,2.56,2.08,10.82,7185,0.06
7.9,8.38,368.2,40.8,2.27,2.07,10.82,7185,0.058
7.94,8.26,369.9,35.1,2.24,2.08,10.82,7185,0.064
7.93,8.29,370.1,35.8,2.36,2.04,10.82,7185,0.056
7.93,8.16,370,36.1,2.38,2.06,10.82,7185,0.055
7.92,8.24,372,31,2.08,2.03,10.707,7420,0.056
7.93,8.29,372.5,30.6,1.92,2,10.707,7420,0.055
7.93,8.36,375,31.4,2.11,2.05,10.707,7420,0.053
7.95,8.44,373.9,32.5,2,2.03,10.707,7420,0.052
8,8.31,372.2,27.8,2.31,2.01,10.707,7420,0.053
7.96,8.15,372.3,29,2.1,2,10.707,7420,0.051
7.98,8.21,376,27.7,2.23,2,10.6635,7465,0.051
7.98,8.24,377.2,26,1.97,2.01,10.6635,7465,0.052
8,8.35,378.5,28.4,2.22,2,10.6635,7465,0.05
8.02,8.17,376.2,26.4,1.91,2.03,10.6635,7465,0.049
8.01,8.1,376.6,22.5,2.3,2.04,10.6635,7465,0.051
8.01,8.01,378.4,21.8,1.91,1.97,10.645,7225,0.046
8,8.05,380.4,22,2.03,2,10.645,7225,0.05
8,8.13,380.6,21.8,2.28,1.97,10.645,7225,0.047
8,8.2,381.2,21.8,2.03,1.94,10.645,7225,0.049
8,8.22,380.9,19.1,2.28,1.95,10.645,7225,0.049
8,8.23,381.1,20.9,2.2,1.96,10.645,7225,0.048
8,8.24,380.8,21.7,2.01,1.91,10.61,7170,0.049
7.99,8.24,381.4,20.1,1.78,1.92,10.61,7170,0.047
7.99,8.25,381.1,21.7,2.16,1.9,10.61,7170,0.049
8.05,8.37,383.8,21,2.04,1.93,10.61,7170,0.048
8.04,8.38,383.1,22.5,2.15,1.99,10.61,7170,0.049
8.02,8.29,385.3,19.8,1.87,1.92,10.61,7170,0.049
7.98,8.32,386.7,22.1,1.82,1.94,10.67,7155,0.049
7.99,8.3,388.1,21.1,2.13,1.9,10.67,7155,0.048
7.99,8.32,388.1,24,1.99,1.91,10.67,7155,0.046
8,8.44,388.4,22.5,2.14,1.96,10.67,7155,0.047
8.02,8.36,388.6,20.6,2.31,1.91,10.67,7155,0.048
8,8.25,387,22.4,2.34,1.94,10.67,7155,0.044
7.99,8.26,388.3,23.1,2,1.94,10.8425,7490,0.048
7.99,8.29,389.6,21.1,1.94,1.88,10.8425,7490,0.049
7.99,8.36,389.5,25,2.08,1.91,10.8425,7490,0.046
8.01,8.45,387.7,22.8,2,1.94,10.8425,7490,0.049
8.04,8.42,387.4,24.7,2.39,1.96,10.8425,7490,0.046
8.03,8.4,387.7,24.9,2.21,1.94,10.8425,7490,0.049
8.03,8.45,386.8,26.4,2.11,1.96,11.05,8020,0.049
8.01,8.45,386.7,26.2,2.17,1.96,11.05,8020,0.048
8.01,8.39,386.5,25,2.11,1.99,11.05,8020,0.05
8,8.45,385.6,25.7,2.41,1.96,11.05,8020,0.052
8.02,8.43,385.4,25.2,2.01,1.99,11.05,8020,0.053
8.01,8.37,385.7,28.4,1.9,1.96,11.05,8020,0.054
8,8.35,385.5,28.5,2.01,1.97,11.275,8205,0.053
7.99,8.31,386.2,28.6,2.02,1.94,11.275,8205,0.054
7.97,8.28,387.5,29.4,2.22,1.98,11.275,8205,0.053
7.98,8.29,386.5,30.5,1.68,1.98,11.275,8205,0.055
7.97,8.31,387.1,29.6,1.89,2,11.275,8205,0.058
7.97,8.28,388.6,30.2,2.21,1.99,11.275,8205,0.058
7.96,8.26,388.9,30.7,2.06,2.06,11.445,8015,0.058
7.95,8.25,388.8,30.8,1.73,1.97,11.445,8015,0.061
7.94,8.23,390.4,28.7,2.31,2.02,11.445,8015,0.057
7.95,8.22,391.8,31.9,1.89,1.99,11.445,8015,0.059
7.94,8.2,392.6,30.6,1.67,2,11.445,8015,0.06
7.93,8.19,392.4,29.9,2.08,2.01,11.445,8015,0.051
7.94,8.2,392,31.4,1.87,2,11.54,7835,0.056
7.93,8.18,390,34.6,2.11,2.02,11.54,7835,0.06
7.92,8.17,386.9,35.7,2.18,2.06,11.54,7835,0.059
7.92,8.17,384.4,38.7,2.01,2.06,11.54,7835,0.066
7.93,8.13,380.5,41.9,2.79,2.1,11.54,7835,0.066
7.91,8.02,377.4,43.4,2.43,2.08,11.54,7835,0.067
7.9,7.88,373.4,45.7,2.59,2.14,11.535,7100,0.068
7.88,7.77,372.1,43.1,2.4,2.15,11.535,7100,0.067
7.83,7.68,373.5,49,2.67,2.17,11.535,7100,0.067
7.59,8.14,374.3,49.3,1.51,2.21,11.535,7100,0.066
7.87,7.49,369.4,49.2,1.84,2.23,11.535,7100,0.062
7.86,7.48,368.1,45.5,1.88,2.33,11.535,7100,0.065
7.86,7.5,369.8,44,2.18,2.19,11.49,7535,0.067
7.84,7.54,375.4,37.4,1.25,2.2,11.49,7535,0.061
7.9,7.65,377.8,38.1,2.24,2.14,11.49,7535,0.056
7.88,7.68,377.3,37.9,2.5,2.14,11.49,7535,0.054
7.9,7.71,377.8,34,1.95,2.11,11.44,7875,0.058
7.89,7.74,379.3,33.2,2.15,2.13,11.44,7875,0.055
7.91,7.73,379.7,31.1,2.48,2.05,11.44,7875,0.053
7.91,7.79,379.9,30.2,2.32,2.14,11.44,7875,0.055
7.91,7.88,378.5,32.1,2.11,2.12,11.355,7765,0.058
7.92,7.93,378.7,29.9,1.73,2.11,11.355,7765,0.071
7.94,7.98,379.7,34.4,1.92,2.13,11.355,7765,0.061
7.94,7.96,378.8,33.4,1.78,2.18,11.355,7765,0.056
7.95,7.94,381.2,48.8,2.26,2.23,11.355,7765,0.071
7.91,8,383.3,32.6,1.67,2.16,11.23,7630,0.057
7.9,8.12,384.1,33.3,1.93,2.16,11.23,7630,0.058
7.93,8.08,384.4,32.9,1.92,2.18,11.23,7630,0.057
7.96,8.1,383.5,31.1,1.93,2.15,11.23,7630,0.054
7.95,8.11,383.5,30.6,2.14,2.14,11.23,7630,0.054
7.94,8.21,382.4,28.2,1.82,2.13,11.145,7565,0.054
7.95,8.27,382.2,29.5,1.58,2.21,11.145,7565,0.019
7.99,8.34,381.6,30.4,1.84,2.17,11.145,7565,0.056
7.99,8.28,378.5,29.4,2.13,2.16,11.145,7565,0.054
7.99,8.22,377.9,25.7,1.87,2.16,11.145,7565,0.052
8.02,8.45,379.5,26.6,1.5,2.13,11.07,7420,0.053
8.01,8.42,379.7,28.9,1.6,2.14,11.07,7420,0.051
8.01,8.44,379.8,30.8,2.04,2.13,11.04,6755,0.052
8,8.43,380.4,29.5,1.92,2.15,11.04,6755,0.052
8.01,8.49,380.5,28.9,2.1,2.2,11.04,6755,0.051
8.01,8.48,382.4,29,1.67,2.17,11.04,6755,0.054
8.01,8.4,381,29.2,1.7,2.2,11.04,6755,0.053
8.01,8.38,381.8,29.1,1.76,2.19,11.015,6600,0.052
8.03,8.41,393.9,30.4,2.08,2.15,11.015,6600,0.049
8.01,8.37,381.3,28.4,1.76,2.21,11.015,6600,0.062
8.05,8.43,382.4,27.5,1.72,2.21,11.015,6600,0.06
8.06,8.37,383.3,29.5,1.75,2.2,11.015,6600,0.057
8.02,8.35,387.5,29.3,1.71,2.13,10.97,5570,0.055
8.03,8.43,385,28.8,2.1,2.13,10.97,5570,0.053
8.05,8.45,0.2,30.4,1.4,2.15,10.97,5570,0.053
8.01,8.33,1.1,27.8,2.04,2.18,10.97,5570,0.051
8.01,8.28,0.7,27.4,1.74,2.17,10.92,5415,0.053
8,8.25,1.2,28.9,1.92,2.19,10.92,5415,0.055
8,8.31,1.2,29,2.13,2.17,10.92,5415,0.053
7.99,8.26,363.4,27.5,2.01,2.17,10.92,5415,0.051
7.98,8.11,362.6,29.2,1.97,2.17,10.92,5415,0.053
7.96,8.12,0.3,26.9,1.78,2.17,10.99,6335,0.055
7.97,8.23,0.3,27.2,2.18,2.26,10.99,6335,0.053
8,8.17,0.3,26.7,2.2,2.21,10.99,6335,0.054
8,8.12,0.4,27.3,2.07,2.19,10.99,6335,0.054
7.98,8.06,0.4,29,2.18,2.21,10.99,6335,0.054
7.95,7.99,0.4,26.6,1.89,2.16,11.21,7565,0.055
7.94,8.02,0.4,28.7,1.97,2.18,11.21,7565,0.053
7.97,8.13,0.4,25.8,1.96,2.2,11.21,7565,0.056
7.98,8.15,0.4,26.8,1.99,2.23,11.21,7565,0.054
7.98,8.12,0.4,28.1,1.8,2.16,11.21,7565,0.056
7.95,8.08,0.4,24.5,1.95,2.17,11.52,8560,0.053
7.95,8.18,0.4,25.4,1.93,2.16,11.52,8560,0.057
8,8.24,0.4,27.5,2.29,2.17,11.52,8560,0.058
8.01,8.18,0.4,25.2,1.7,2.16,11.52,8560,0.052
8,8.28,0.4,25.9,1.96,2.13,11.81,9820,0.054
8.13,8.13,388.2,28.2,1.78,2.09,11.975,9510,0.057
7.94,8.21,387,30.1,2.15,2.08,11.975,9510,0.056
7.91,8.16,386,28.7,1.52,2.06,11.975,9510,0.055
7.89,8.16,384.6,27.6,1.28,2.08,12.1,8815,0.054
7.9,8.15,382.8,27.8,1.95,2.04,12.1,8815,0.053
7.9,8.18,380.6,29.3,1.87,2.05,12.1,8815,0.054
7.9,8.14,378.4,31.8,1.9,2.1,12.1,8815,0.053
7.94,8.1,375.8,32.3,1.82,2.08,12.1,8815,0.054
7.91,8.07,373.4,29.6,1.71,2.08,12.1,8815,0.053
7.89,8.1,371.6,30.9,2.07,2.03,12.145,8550,0.057
7.88,8.11,370.5,31,1.68,2.08,12.145,8550,0.054
7.88,8.12,369.7,32.3,1.9,2.03,12.145,8550,0.054
7.9,8.11,370.1,32.2,1.64,2.09,12.145,8550,0.052
7.93,8.14,370.1,29.6,1.58,2.13,12.145,8550,0.052
7.9,8.15,370.3,29.5,1.95,2.06,12.145,8550,0.052
7.9,8.12,371.4,30,1.88,2.05,12.13,8140,0.051
7.9,8.15,373.1,30.2,1.4,2.02,12.13,8140,0.051
7.9,8.2,374.7,29.2,1.83,2.03,12.13,8140,0.05
7.9,8.18,376.5,30.4,1.54,2.04,12.13,8140,0.053
7.94,8.08,377.3,29.4,1.32,2.04,12.13,8140,0.051
7.9,8.07,379.1,27.9,1.51,2.05,12.13,8140,0.049
7.9,8.08,380.8,28.4,1.35,2,12.07,6860,0.048
7.89,8.05,382.8,26.3,1.44,2.03,12.07,6860,0.049
7.88,8.08,385.1,26.8,1.48,2.06,12.07,6860,0.05
7.9,8.07,386.9,25.7,1.59,2.03,12.07,6860,0.054
7.91,8.01,387.7,27.3,1.7,2.04,12.07,6860,0.05
7.92,8.02,388.1,25.6,1.7,2.03,12.07,6860,0.05
7.91,8.04,389.1,26,1.47,2.04,11.98,6430,0.054
7.89,8.06,389.5,26.8,1.26,2.02,11.98,6430,0.049
7.9,8.07,391,29.6,1.51,2.04,11.98,6430,0.052
7.9,8.18,391.8,28.2,1.55,2.03,11.935,6405,0.053
7.91,8.23,391.9,29.5,1.47,2.04,11.935,6405,0.053
7.44,8.28,392,26.7,1.45,2.02,11.935,6405,0.053
7.93,8.18,390.3,24.7,1.35,1.99,11.935,6405,0.051
7.92,8.21,389.4,24.6,1.6,2.04,11.895,6715,0.047
7.9,8.24,388.7,25.6,1.53,2.02,11.895,6715,0.051
7.92,8.24,387.4,25.7,1.23,2.03,11.895,6715,0.05
7.96,8.18,386.6,25.3,1.38,2.02,11.895,6715,0.049
7.95,8.12,385.9,25.9,1.4,2.05,11.895,6715,0.051
7.92,8.18,386.7,25.2,1.17,2.03,11.85,6685,0.051
7.92,8.19,386.2,25.5,1.52,2,11.85,6685,0.05
7.93,8.17,385.7,26.5,1.18,2.04,11.85,6685,0.048
7.95,8.11,385,24.6,1.43,2.05,11.85,6685,0.05
7.95,8.04,384.4,26.4,1.44,2.07,11.85,6685,0.049
7.9,8.1,387.2,26.4,1.31,2.08,11.79,6505,0.05
7.89,8.01,388.2,25.8,1.58,2.1,11.79,6505,0.05
7.89,8.02,388.1,24.5,1.86,2.1,11.79,6505,0.05
7.9,7.97,387.6,24.2,1.6,2.1,11.79,6505,0.054
7.88,7.97,388.3,23.2,1.33,2.12,11.79,6505,0.05
7.86,7.94,390,24.4,1.41,2.05,11.705,6420,0.054
7.87,7.94,390.6,26.1,1.78,2.08,11.705,6420,0.053
7.89,8.03,391,26.9,1.44,1.98,11.705,6420,0.055
7.89,8,391.7,24.6,1.47,1.99,11.705,6420,0.053
7.89,7.97,391.8,25.3,1.9,1.99,11.705,6420,0.052
7.89,8,391.5,25.8,1.4,1.94,11.605,6215,0.051
7.88,8.04,391.8,26.5,1.49,1.97,11.605,6215,0.054
8.21,8.08,392.5,28.8,1.92,2,11.605,6215,0.057
7.95,8.16,392,24.7,1.33,1.87,11.605,6215,0.057
7.91,8.05,391.4,27.8,1.34,1.96,11.605,6215,0.054
7.9,8.02,391.7,26.5,1.77,1.96,11.675,6325,0.054
7.89,8.07,392.7,26,1.88,1.96,11.675,6325,0.056
7.91,8.1,396,28.4,1.83,1.91,11.835,7085,0.055
7.91,8.04,399,27.8,1.81,1.93,12.01,7815,0.056
7.93,8.09,400.5,28.7,2.23,1.92,12.01,7815,0.053
7.95,8.04,400,27.6,1.65,1.91,12.01,7815,0.051
7.93,7.96,400.4,25.6,1.96,1.9,12.01,7815,0.052
7.92,7.9,400.2,26.1,1.56,1.93,12.125,7770,0.052
7.9,7.88,400.1,28.8,2.05,1.91,12.125,7770,0.054
7.91,7.92,399.7,27.8,1.68,1.93,12.125,7770,0.052
7.91,7.93,399.3,25,2.04,1.91,12.125,7770,0.054
7.9,7.81,398.1,26.5,2,1.94,12.125,7770,0.051
7.89,7.8,396.8,26.3,2.11,1.92,12.29,7335,0.052
7.88,7.81,396.6,26,1.96,1.91,12.29,7335,0.056
7.88,7.77,396.4,28.8,1.93,1.92,12.29,7335,0.054
7.9,7.8,394.7,34.5,1.69,1.91,12.29,7335,0.052
7.9,7.77,390.9,34,1.93,1.98,12.29,7335,0.057
7.9,7.67,386.6,40.5,2.23,1.97,12.29,7335,0.058
7.87,7.59,382.5,47.8,2.28,1.97,12.57,5220,0.064
7.84,7.51,375.6,61.9,1.88,2.04,12.57,5220,0.078
7.84,7.39,370.6,66.7,2.66,2.05,12.57,5220,0.086
7.86,7.39,369.6,62.8,2.04,2.02,12.57,5220,0.08
7.87,7.39,368.8,53.7,2.41,2.06,12.57,5220,0.081
7.85,7.28,367.1,55.1,1.91,2,12.57,5220,0.071
7.82,7.22,365.8,52.4,2.15,2.05,12.655,5025,0.071
7.79,7.16,363.1,52.8,2.15,2.05,12.655,5025,0.076
7.75,6.94,358.1,54.1,2.66,2.1,12.655,5025,0.086
7.76,6.67,356.2,61,2.71,2.08,12.655,5025,0.089
7.74,6.46,353.6,66.6,2.55,2.11,12.655,5025,0.094
7.72,6.34,349.2,87.1,3.26,2.15,12.54,6105,0.11
7.71,6.32,344.1,89.3,2.78,2.17,12.54,6105,0.109
7.71,6.35,341,95,3.41,2.18,12.54,6105,0.127
7.71,6.45,340.1,97.2,2.83,2.19,12.54,6105,0.123
7.72,6.43,338.8,100.4,3.27,2.15,12.54,6105,0.115
7.72,6.44,340.6,89.2,2.79,2.16,12.54,6105,0.113
7.73,6.55,344.2,76.6,2.96,2.11,12.34,5765,0.104
7.72,6.62,348,69,2.92,2.09,12.34,5765,0.097
7.72,6.74,353.3,90,2.88,2.2,12.34,5765,0.12
7.73,6.9,358.7,60.1,2.52,2.08,12.34,5765,0.083
7.76,6.89,362.6,54.3,2.62,2.05,12.34,5765,0.09
7.75,6.81,366.2,48.7,2.52,2.05,12.34,5765,0.085
7.75,6.77,370.6,43,2.19,2.05,12.115,5850,0.077
7.74,6.8,373.8,42,2.18,2.04,12.115,5850,0.076
7.72,6.88,375.7,40.7,2.28,2.03,12.115,5850,0.005
7.77,6.97,377,40.8,2.34,2.02,12.115,5850,0.093
7.8,7.05,380.7,38.3,2.12,1.99,11.885,5610,0.069
7.85,7.24,382.4,31.8,2.13,1.96,11.64,5120,0.062
7.85,7.23,382.4,32.2,1.74,1.94,11.49,4315,0.063
7.83,7.26,383,35.7,1.4,1.98,11.49,4315,0.063
7.82,7.27,383.7,33.4,1.57,1.98,11.49,4315,0.005
7.83,7.3,385.7,34.4,2.26,1.97,11.49,4315,0.064
7.86,7.31,386,36.1,2.2,2.04,11.49,4315,0.058
7.86,7.19,386,33.7,1.91,2.03,11.49,4315,0.061
7.85,7.17,387.5,31.4,1.95,2.02,11.38,3535,0.055
7.84,7.16,389.2,31.6,2.1,2.04,11.38,3535,0.059
7.84,7.24,389.6,33.5,2.05,2.01,11.38,3535,0.059
7.82,7.23,391.9,41.6,1.99,2.04,11.38,3535,0.065
7.85,7.27,393.1,37.7,1.91,2.05,11.38,3535,0.06
7.83,7.3,394.4,34.8,1.81,2.04,11.38,3535,0.061
7.83,7.33,396,32.1,2.03,2.02,11.3575,3090,0.055
7.83,7.34,398.3,32.3,1.79,2.01,11.3575,3090,0.058
7.84,7.42,400.3,34.9,2.11,1.99,11.3575,3090,0.059
7.86,7.48,401.8,35.6,1.86,2.03,11.3575,3090,0.055
7.9,7.49,403.9,38.3,1.86,2.03,11.3575,3090,0.056
7.89,7.39,405.4,34.7,2,2,11.3575,3090,0.052
7.89,7.4,406.6,35.4,1.62,2.01,11.355,2710,0.058
7.87,7.38,408.1,31.7,1.62,2.04,11.355,2710,0.053
7.87,7.47,410.3,33.9,1.77,1.98,11.355,2710,0.055
7.89,7.6,412.6,32.6,1.76,2,11.355,2710,0.055
7.92,7.61,413.7,32.6,1.96,1.98,11.355,2710,0.052
7.92,7.48,417.1,31.7,1.72,1.95,11.355,2710,0.053
7.92,7.48,419.3,30.6,1.5,1.95,11.42,2595,0.054
7.89,7.54,423.1,31,1.9,1.95,11.42,2595,0.054
7.93,7.65,424.3,30.3,2.13,1.93,11.42,2595,0.069
7.95,7.38,422,30.5,2.13,1.93,11.42,2595,0.069
7.95,7.38,422,30.5,2.11,2.03,11.42,2595,0.089
7.93,7.47,426.2,30.3,1.74,2.01,11.545,3260,0.084
7.92,7.45,427,27.8,1.81,1.95,11.545,3260,0.083
7.91,7.45,427.4,30.7,1.94,1.99,11.545,3260,0.075
7.95,7.58,427.1,30.7,1.77,2,11.545,3260,0.072
7.94,7.43,425.8,28.2,1.49,2.02,11.545,3260,0.063
7.92,7.46,426.8,28.3,1.43,2.02,11.73,4620,0.061
7.91,7.38,426.7,29.4,1.69,2.04,11.73,4620,0.062
7.91,7.46,426.6,32.3,1.72,2.01,11.73,4620,0.056
7.93,7.51,425.4,30.2,1.68,2.04,11.73,4620,0.058
7.95,7.41,423.2,31.7,1.72,2.06,11.73,4620,0.057
7.92,7.34,422,31.3,1.38,2,11.73,4620,0.063
7.91,7.34,422.4,30.9,1.74,2.06,11.875,4435,0.065
7.9,7.3,423.2,30.8,2.02,2.08,11.875,4435,0.075
7.9,7.35,422,27.2,1.43,2.03,11.875,4435,0.085
7.91,7.44,421.2,28.8,1.81,2.04,11.875,4435,0.294
7.94,7.42,420.2,30.9,1.48,2.06,11.875,4435,0.006
7.93,7.35,405.7,28.6,0.87,2.01,11.945,4910,0.064
7.91,7.39,405,25.1,0.59,2,11.875,4905,0.061
7.91,7.45,404.8,28.6,2.05,2,11.875,4905,0.062
7.9,7.48,405.4,29.5,1.53,2.04,11.875,4905,0.062
7.94,7.46,404.7,25.5,1.55,2.02,11.875,4905,0.06
7.93,7.41,404,27.4,1.42,2.04,11.875,4905,0.063
7.92,7.43,404.4,24.5,1.39,2.01,11.72,4945,0.063
7.91,7.49,404.7,25.6,1.4,2.04,11.72,4945,0.066
7.9,7.51,405.2,23.9,1.52,2.03,11.72,4945,0.062
7.91,7.41,407.8,26.9,1.58,2.01,11.52,4675,0.065
7.91,7.42,408.1,27.2,1.45,2.01,11.52,4675,0.077
7.91,7.42,407.7,24.7,1.89,2.02,11.52,4675,0.065
7.91,7.4,406.5,25.1,1.1,2.04,11.52,4675,0.074
7.92,7.18,392.3,33.1,1.56,2.04,11.205,3405,0.098
7.91,7.2,390.9,32.5,1.86,2.04,11.205,3405,0.106
8.07,7.15,391.6,33.4,1.79,2.03,11.205,3405,0.099
7.87,7.27,391.8,36.8,2.29,2.01,11.205,3405,0.093
7.86,7.15,391.4,35.7,1.97,2.03,11.205,3405,0.11
7.86,7.11,391.6,36.2,1.84,2.01,11.43,2620,0.106
7.83,7.02,388.7,50.5,2.04,2.06,11.43,2620,0.118
7.84,6.98,386.4,44,2.56,2.05,11.43,2620,0.11
7.81,6.91,383.7,39.6,1.96,2.02,11.43,2620,0.109
7.81,6.84,381.8,41.2,1.95,2.04,11.43,2620,0.099
7.8,6.75,380.9,43.3,2.17,2.04,11.68,2870,0.114
7.76,6.62,380.3,56,2.34,2.08,11.68,2870,0.12
7.78,6.62,378.8,48.5,2.62,2.09,11.68,2870,0.117
7.77,6.6,377.4,45.2,2.11,2.07,11.68,2870,0.109
7.79,6.5,374.9,47.4,1.96,2.08,11.68,2870,0.111
7.78,6.32,372.8,50.4,2.47,2.12,11.68,2870,0.098
7.75,6.18,371.8,50.1,2.68,2.1,11.88,3680,0.112
7.73,6.12,370.3,52.8,2.35,2.15,11.88,3680,0.125
7.72,6.06,368.9,56.7,2.99,2.1,11.88,3680,0.132
7.71,6.05,367.8,71.8,2.89,2.16,11.88,3680,0.124
7.71,6,368.2,80.8,2.74,2.21,11.88,3680,0.131
7.76,6.33,377.5,50.2,2.71,2.07,12.945,7170,0.12
7.76,6.38,377.4,47.2,2.71,2.07,12.945,7170,0.12
7.8,6.75,378.2,46.8,3.2,2.13,12.945,7170,0.136
7.8,6.32,376.6,45.2,2.55,2.1,12.945,7170,0.104
7.79,6.38,376,44.1,2.66,2.09,12.945,7170,0.092
7.79,6.4,375.2,46.3,2.54,2.08,13.52,8425,0.105
7.79,6.45,374.1,45.8,1.96,2.11,13.52,8425,0.101
7.81,6.64,373,48.3,2.39,2.14,13.52,8425,0.098
7.81,6.44,372,48.5,2,2.12,13.52,8425,0.095
7.83,6.41,370.4,48.5,2.39,2.14,13.52,8425,0.087
7.83,6.37,368.2,46.6,2.03,2.15,13.52,8425,0.088
7.84,6.41,367.6,45.6,2.09,2.19,14.13,12950,0.094
7.85,6.45,366.4,43.1,2.2,2.15,14.13,12950,0.099
7.85,6.51,365.4,42.2,2.16,2.16,14.13,12950,0.087
7.94,6.55,350.5,51,2.42,2.22,14.85,13750,0.101
7.97,6.5,351.4,45.5,2.33,2.23,14.85,13750,0.082
7.92,6.47,352.4,43.5,2.28,2.22,14.85,13750,0.078
7.91,6.5,352.6,40.6,2.09,2.23,14.96,11550,0.082
7.88,6.5,351.9,46.3,2.12,2.23,14.96,11550,0.079
7.85,6.45,351.1,44.8,2.36,2.2,14.96,11550,0.078
7.84,6.41,349.9,44.5,1.86,2.18,14.96,11550,0.07
7.85,6.39,349.3,39.6,2.15,2.19,14.96,11550,0.069
7.84,6.39,349,38.5,2.32,2.17,14.96,11550,0.07
7.81,6.41,347.8,34.6,2.1,2.2,15,9500,0.076
7.81,6.43,346.3,37.8,2.1,2.2,15,9500,0.079
7.81,6.48,344.5,38.6,2.18,2.15,15,9500,0.076
7.83,6.54,342.1,42,2.3,2.17,15,9500,0.072
7.86,6.52,339.8,39.4,2.33,2.17,15,9500,0.073
7.84,6.49,338,38.5,2.32,2.2,15,9500,0.087
7.82,6.44,335.9,42.2,1.96,2.2,14.9475,7875,0.099
7.79,6.37,334.1,43.4,2.23,2.24,14.9475,7875,0.102
7.78,6.29,332.2,51.1,2.58,2.26,14.9475,7875,0.092
7.81,6.26,330.3,57.1,3.07,2.26,14.9475,7875,0.09
7.82,6.21,328.6,58.5,2.38,2.3,14.9475,7875,0.096
7.82,6.16,327.8,58.1,2.3,2.29,14.9475,7875,0.104
7.82,6.16,325.7,60.1,2.42,2.3,14.84,8420,0.116
7.8,6.18,324.2,60.7,2.64,2.28,14.84,8420,0.121
7.81,6.22,322.1,60.7,3.13,2.25,14.84,8420,0.105
8.14,6.57,320.7,63,2.75,2.25,14.84,8420,0.102
7.87,6.27,318.5,62.7,2.62,2.25,14.84,8420,0.087
7.81,6.32,319.1,58.2,2.59,2.24,14.67,9420,0.097
7.81,6.31,319.6,55.4,2.65,2.26,14.67,9420,0.105
7.82,6.29,319.6,53.4,2.49,2.26,14.67,9420,0.093
7.81,6.32,320,52.9,2.7,2.24,14.67,9420,0.087
7.79,6.3,321.2,54.7,2.49,2.26,14.67,9420,0.085
7.78,6.36,322.2,46,2.23,2.27,14.67,9420,0.082
7.76,6.29,323.6,43.3,2.26,2.22,14.46,8530,0.084
7.76,6.36,324.3,44.2,2.41,2.2,14.46,8530,0.079
7.78,6.43,325.5,41.4,2.7,2.18,14.46,8530,0.076
7.8,6.5,327.5,40.3,2.51,2.17,14.46,8530,0.072
7.8,6.5,328.3,36.6,2.2,2.16,14.46,8530,0.073
7.8,6.43,329.4,35.9,2.42,2.14,14.46,8530,0.074
7.82,6.44,330.3,34.8,2.55,2.14,14.295,7525,0.074
7.8,6.47,330.9,34.2,1.94,2.1,14.295,7525,0.068
7.83,6.51,331.2,33.3,2.62,2.11,14.295,7525,0.066
7.85,6.55,331.2,31.8,2.28,2.1,14.295,7525,0.067
7.85,6.54,330.9,30.1,2.34,2.11,14.295,7525,0.064
7.84,6.53,331.1,31.1,2.58,2.11,14.295,7525,0.064
7.85,6.55,331.4,30.3,2.14,2.09,14.13,6800,0.063
7.86,6.58,331.9,30.1,2.24,2.08,14.13,6800,0.064
7.86,6.58,331.9,31.4,2.46,2.03,14.13,6800,0.064
7.89,6.65,332,29.5,2.45,2.05,14.13,6800,0.062
7.88,6.65,332.3,28.5,2.49,2.06,14.13,6800,0.063
7.88,6.65,333.1,30.5,2.37,2.06,14,7250,0.064
7.89,6.63,333.2,32,2.43,2.03,14,7250,0.063
7.9,6.64,333,31.7,2.61,2.04,14,7250,0.061
7.08,6.78,331.8,34.2,2.39,2.01,14,7250,0.062
7.3,6.68,332.8,32.3,2.92,2.03,14,7250,0.064
7.27,6.66,332.9,30.9,2.79,2,14,7250,0.064
7.73,8.21,0.1,154.1,2.79,2,13.94,5910,0.064
7.35,6.65,343,42.2,2.66,2.06,13.675,4565,0.073
7.35,6.69,343.5,40.8,2.41,2.04,13.675,4565,0.07
7.39,6.79,343,39.5,2.67,1.98,13.675,4565,0.065
7.41,6.81,343,38.8,2.7,2.03,13.675,4565,0.069
7.4,6.82,346.4,36,2.14,2.03,13.675,4565,0.068
7.38,6.82,348.5,36.1,2.29,2.02,13.47,4505,0.067
7.38,6.8,349.5,36.6,2.32,2.01,13.47,4505,0.068
7.6,6.64,363,44.8,2.92,2.13,11.885,3550,0.152
7.63,6.71,364.1,51.5,2.89,2.12,11.885,3550,0.141
7.58,6.5,361.8,53.1,2.48,2.16,11.93,3490,0.153
7.58,6.53,360.7,53.8,1.86,2.14,11.93,3490,0.016
7.62,6.56,362.3,50.1,2.53,2.12,11.93,3490,0.099
7.63,6.59,362.4,47.3,2.25,2.12,11.93,3490,0.091
7.69,6.61,362.1,41.4,2.02,2.07,11.93,3490,0.091
7.7,6.68,363.1,43.3,1.55,2.03,11.975,4920,0.101
7.73,6.66,362.1,41.4,2.37,2.07,11.975,4920,0.091
7.78,6.84,362.9,41.2,1.97,2.05,11.975,4920,0.083
7.8,6.8,362.4,40.7,2.19,2.03,11.975,4920,0.08
7.81,6.74,361.3,41.7,2.52,2.03,11.975,4920,0.081
7.8,6.66,360.3,36.3,1.8,2.03,11.9825,6300,0.103
7.89,6.65,361.2,42.5,2.1,2.05,11.9825,6300,0.082
7.93,6.73,358.9,43,1.97,2.01,11.9825,6300,0.083
7.95,6.73,358.3,38.8,1.46,1.99,11.93,6850,0.103
8.22,8.42,0.1,126,0.33,1.87,11.93,6850,0.02
8.18,6.84,358.8,36.8,1.88,1.99,11.91,6770,0.088
8.19,6.85,358.4,39.3,1.72,2,11.91,6770,0.081
8.17,6.86,357.5,38.5,1.79,2.03,11.91,6770,0.08
8.13,6.89,356.9,38.7,1.71,2.03,11.94,6085,0.097
8.14,6.87,357.6,39.4,1.94,2.04,11.94,6085,0.09
8.14,6.93,358.5,38.8,1.42,2.04,11.94,6085,0.08
8.15,6.92,358.1,39.1,1.35,2.03,11.94,6085,0.078
8.15,6.91,358.3,39.3,1.47,2.05,11.94,6085,0.08
8.12,6.85,353.1,40.3,1.29,2.01,11.98,5040,0.1
8.13,6.81,354,40.6,2.1,2.02,11.98,5040,0.087
8.15,6.91,353.2,40.4,2.23,2.03,11.98,5040,0.084
8.13,6.81,349.1,44.4,2.66,2.04,11.98,5040,0.083
8.11,6.74,345.8,44.6,1.82,2.04,11.98,5040,0.082
8.08,6.65,344.2,44.4,1.72,2.06,12.035,4515,0.1
8.11,6.71,345.3,43,2.29,2.04,12.035,4515,0.09
8.11,6.77,345.3,43.3,2.46,2,12.035,4515,0.082
8.13,6.73,344.3,45.5,2.16,2.02,12.035,4515,0.088
8.11,6.68,344.1,42.7,1.72,2.01,12.035,4515,0.089
8.08,6.65,344.7,39,2.06,2,12.12,4245,0.101
8.11,6.64,344,39.4,2.21,2.01,12.12,4245,0.087
8.1,6.76,318.6,38.2,1.94,2,12.12,4245,0.078
8.14,6.54,318.1,38.7,1.92,2.04,12.12,4245,0.069
8.13,6.54,317.7,38.6,2.5,1.99,12.12,4245,0.086
8.11,6.56,317.5,41.2,2.05,2,12.195,4135,0.099
8.11,6.53,317.4,37.6,2.45,1.98,12.195,4135,0.085
8.15,6.62,317.6,40.9,2.94,1.97,12.195,4135,0.146
7.42,6.59,317,42.2,2.54,2.04,12.195,4135,0.101
7.41,6.57,315.4,42.1,2.43,2.03,12.195,4135,0.095
7.4,6.58,314,38.7,2.27,2.05,12.26,4205,0.1
7.41,6.59,313.4,41.3,2.24,2.03,12.26,4205,0.092
7.42,6.61,314,41.4,2.17,2.05,12.26,4205,0.086
7.42,6.6,314.4,44.3,2.33,2.05,12.26,4205,0.086
7.42,6.58,314.1,44.3,2.5,2.06,12.26,4205,0.086
7.42,6.55,316.6,44.7,1.68,2.09,12.33,4355,0.096
7.4,6.54,317.7,44.5,2.27,2.08,12.33,4355,0.085
7.42,6.58,319.5,45.4,2.67,2.09,12.33,4355,0.083
7.43,6.59,319.9,44.6,2.28,2.08,12.33,4355,0.078
7.43,6.58,320.1,42.3,2.17,2.08,12.33,4355,0.081
7.4,6.61,320.9,42.5,2.12,2.08,12.39,4360,0.089
7.43,6.64,321.5,41,2.44,2.09,12.39,4360,0.083
7.43,6.66,323.1,43.2,2.32,2.08,12.39,4360,0.077
7.45,6.67,322.7,41.6,2.42,2.06,12.39,4360,0.077
7.44,6.65,322.7,43.3,2.06,2.09,12.39,4360,0.083
7.42,6.62,323.4,39.2,2.17,2.07,12.39,4115,0.09
7.4,6.61,324.4,40.2,2.49,2.06,12.39,4115,0.08
7.44,6.62,325.4,40.9,2.42,2.05,12.39,4115,0.076
7.46,6.59,325.7,39,2.05,2.11,12.39,4115,0.073
7.44,6.62,325.9,41.2,1.99,2.03,12.39,4115,0.081
7.43,6.66,326.7,40.1,2.17,2.07,12.365,3905,0.089
7.44,6.64,328.1,38.3,2.51,2.04,12.365,3905,0.079
7.43,6.68,329.3,38.2,2.14,2.07,12.365,3905,0.077
7.46,6.65,329.9,39.7,2.12,2.07,12.365,3905,0.075
7.45,6.66,331,38.4,2.19,2.05,12.365,3905,0.082
7.44,6.63,334.4,39.3,1.48,2.07,12.32,2620,0.088
7.44,6.64,336,37.4,1.55,2.05,12.32,2620,0.015
7.45,6.7,335.4,36.3,2.63,2.06,12.32,2620,0.078
7.47,6.73,335.9,38.1,2.14,2.03,12.32,2620,0.075
7.48,6.73,336.3,36.6,1.95,2.06,12.32,2620,0.074
7.45,6.78,339.6,34.7,2.12,2,12.235,2525,0.073
7.48,6.78,340.3,34.1,2.08,1.98,12.235,2525,0.07
7.51,6.86,341.5,32.4,2.3,1.93,12.235,2525,0.069
7.49,6.9,341.8,30.9,1.97,1.92,12.18,2630,0.068
7.49,6.9,341.9,29.2,1.8,1.88,12.18,2630,0.066
7.5,6.93,342.7,30.1,1.93,1.87,12.18,2630,0.067
7.5,6.95,343,30.2,1.85,1.87,12.18,2630,0.071
7.49,6.91,343.8,29.5,2.34,1.85,12.18,2630,0.074
7.5,6.84,344.7,31.3,2.22,1.87,12.17,2850,0.086
7.5,6.82,345.7,27.6,1.49,1.89,12.17,2850,0.079
7.49,6.81,346.9,27.2,1.98,1.86,12.17,2850,0.073
7.51,6.96,347.4,26,1.83,1.86,12.17,2850,0.069
7.52,6.96,347.7,28.5,1.92,1.88,12.17,2850,0.071
7.53,6.93,348,31.9,1.93,1.89,12.17,2850,0.072
7.51,6.96,348,27.2,1.39,1.83,12.145,2925,0.07
7.52,6.92,347.9,26.5,1.54,1.86,12.145,2925,0.07
7.52,6.9,348.1,28.9,2.02,1.92,12.145,2925,0.068
7.53,7,348.6,25.7,1.7,1.89,12.145,2925,0.064
7.53,6.95,349.6,26.8,2.49,1.92,12.145,2925,0.065
7.53,6.9,350.2,27.2,1.97,1.96,12.145,2925,0.067
7.51,6.89,351.5,26.6,1.9,1.94,12.11,2805,0.068
7.49,6.85,354.4,28.5,2.24,2,12.11,2805,0.067
7.5,6.84,355.2,28.4,2.32,2.05,12.11,2805,0.066
7.5,6.91,355.2,28.6,2.12,2.03,12.11,2805,0.066
7.48,6.91,356.9,28.4,2,2.04,12.11,2805,0.07
7.51,6.98,358.8,27.8,2.44,2.06,12.09,2700,0.069
7.5,6.84,359.6,28.7,2.32,2.06,12.09,2700,0.066
7.5,6.83,359.9,28.5,1.59,2.07,12.09,2700,0.07
7.49,6.82,360.7,28.6,1.93,2.08,12.09,2700,0.084
7.49,6.85,361.2,26,1.61,2.09,12.105,2660,0.089
7.48,6.82,360.6,27.9,1.97,2.1,12.105,2660,0.081
7.48,6.83,361.1,27.8,2.52,2.07,12.105,2660,0.076
7.52,6.88,363,27.9,1.83,2.07,12.105,2660,0.072
7.51,6.89,363.1,27,1.64,2.08,12.105,2660,0.07
7.52,6.86,363,28.8,2,2.1,12.105,2660,0.085
7.49,6.83,363.4,28.3,1.97,2.09,12.125,2930,0.089
7.49,6.84,363.6,27.6,1.44,2.08,12.125,2930,0.081
7.49,6.82,363.4,26.6,1.61,2.06,12.125,2930,0.077
7.55,7.24,364.8,26.3,1.59,2.08,12.125,2930,0.064
7.64,6.9,363.5,27.2,1.88,2.08,12.125,2930,0.073
7.61,6.91,364.4,27.2,2.24,2.09,12.155,3315,0.084
7.61,6.92,364.2,26.9,1.58,2.04,12.155,3315,0.074
7.6,6.93,364.8,26.1,2.36,2.02,12.155,3315,0.07
7.62,6.94,366.3,27.4,1.56,2.02,12.155,3315,0.065
7.63,6.95,366.2,24.8,1.49,2.03,12.155,3315,0.064
7.62,6.9,365.6,25.4,2.08,1.98,12.155,3315,0.076
7.59,6.88,365.1,26,1.93,2.01,12.165,3410,0.085
7.6,6.9,366.1,24.6,1.66,2.02,12.165,3410,0.078
7.6,6.92,366,24.1,2.12,1.97,12.165,3410,0.069
7.62,6.99,367.7,24.2,1.61,1.99,12.165,3410,0.069
7.63,7,368,24.4,1.75,1.98,12.165,3410,0.065
7.63,6.99,367.7,26,1.75,1.98,12.165,3410,0.065
7.61,6.98,368.3,26,1.64,1.94,12.14,3500,0.066
7.62,7,368.4,25.5,1.58,1.95,12.14,3500,0.067
7.62,7,369.2,26.1,1.76,1.93,12.14,3500,0.064
7.65,7.09,371.5,26.2,1.93,1.93,12.14,3500,0.059
7.65,7.09,371.9,24.4,1.9,1.92,12.14,3500,0.062
7.66,7.02,371.4,25.2,2.03,1.96,12.14,3500,0.067
7.64,7.02,372,25.6,1.2,1.92,12.11,3580,0.062
7.63,6.98,371.2,27.8,1.54,1.95,12.11,3580,0.068
7.62,6.99,371.6,26.4,1.92,1.94,12.11,3580,0.061
7.64,7.04,370.5,26.7,1.85,1.92,12.11,3580,0.068
7.66,7.06,372.1,26.6,1.58,1.92,12.11,3580,0.068
7.63,7,371,25.4,1.68,1.95,12.11,3580,0.075
7.63,6.95,370.2,25,1.61,1.96,12.0375,3400,0.08
7.62,6.94,371.1,29.2,1.52,1.98,12.0375,3400,0.077
7.64,6.93,369.6,29.5,2.37,2,12.0375,3400,0.071
7.66,6.93,367.3,29.6,2.5,2.05,12.0375,3400,0.069
7.62,6.88,366.1,30.4,1.92,2.02,12.0375,3400,0.07
7.62,6.85,364.8,32.2,2.59,2.12,12.0375,3400,0.07
7.6,6.81,364.6,37.2,2.34,2.18,12.01,3125,0.071
7.59,6.79,363.5,36,2.36,2.21,12.01,3125,0.075
7.59,6.75,362.1,36.6,2.56,2.24,12.01,3125,0.068
7.6,6.9,361.9,37.4,2.7,2.25,12.01,3125,0.071
7.61,6.77,361.8,37.5,2.7,2.29,12.01,3125,0.068
7.58,6.71,361.2,38.2,2.04,2.32,12.01,3125,0.08
7.57,6.72,360.4,38.5,2.51,2.33,11.995,2900,0.089
7.58,6.72,360.3,38.3,1.73,2.33,11.995,2900,0.092
7.58,6.72,361.1,39.5,2.66,2.32,11.995,2900,0.083
7.6,6.74,362.8,37.6,1.68,2.34,11.995,2900,0.071
7.6,6.75,363.2,37.8,2.01,2.38,11.995,2900,0.072
7.59,6.74,362.6,38.1,2.77,2.38,11.995,2900,0.069
7.57,6.73,362.7,38.1,2.23,2.37,12.065,2810,0.07
7.58,6.71,362.9,36.6,1.71,2.41,12.065,2810,0.071
7.58,6.7,364.4,36.5,2.37,2.42,12.065,2810,0.069
7.58,6.74,365.7,35,2.3,2.38,12.065,2810,0.066
7.59,6.71,366.2,34.5,2.71,2.43,12.065,2810,0.068
7.59,6.68,366.8,35.1,2.13,2.47,12.065,2810,0.073
7.57,6.65,367.6,33.8,2.18,2.46,12.16,3050,0.084
7.57,6.68,368.2,33.7,2.4,2.49,12.16,3050,0.084
7.57,6.69,368.4,31.9,2.13,2.47,12.16,3050,0.074
7.58,6.74,370.7,33.1,2.62,2.49,12.16,3050,0.069
7.6,6.78,371.2,32.4,2.02,2.48,12.16,3050,0.073
7.61,6.82,370.6,32.1,1.98,2.47,12.16,3050,0.079
7.59,6.83,370.8,32.8,2.05,2.45,12.315,3015,0.083
7.6,6.85,372,31.4,2.34,2.44,12.315,3015,0.078
7.62,6.86,371.6,32,1.88,2.44,12.315,3015,0.005
7.6,6.84,371.9,33.7,2.22,2.4,12.315,3015,0.075
7.61,6.84,372.1,33.3,2.24,2.44,12.315,3015,0.074
7.62,6.82,372.2,33.1,2.03,2.41,12.315,3015,0.085
7.61,6.86,371.3,36,1.97,2.4,12.475,2745,0.088
7.61,6.87,373,32.4,1.53,2.38,12.475,2745,0.08
7.64,6.89,372.4,33.7,2.74,2.37,12.475,2745,0.071
7.65,7,371.5,33.9,2.29,2.3,12.475,2745,0.071
7.64,7,371.9,31.5,2.03,2.33,12.475,2745,0.074
7.65,6.96,371.8,35.3,2.18,2.33,12.475,2745,0.082
7.65,7.09,371.1,33.7,1.9,2.33,12.66,2695,0.085
7.65,7.16,373.4,33.7,2.07,2.29,12.66,2695,0.077
7.66,7.15,373.3,35.8,2.45,2.3,12.66,2695,0.074
7.65,6.92,379.9,39.9,1.98,2.42,12.845,2660,0.072
7.64,6.93,381,37.1,2.2,2.36,12.845,2660,0.072
7.63,6.93,381.6,40.5,2,2.38,12.845,2660,0.082
7.65,6.9,383,42.4,1.71,2.41,13.01,2650,0.089
7.64,6.89,383.9,40.9,1.75,2.36,13.01,2650,0.081
7.64,6.88,384.4,41.7,1.89,2.38,13.01,2650,0.074
7.67,6.92,384.5,40.8,1.77,2.41,13.01,2650,0.076
7.64,6.96,384.7,41.9,2.11,2.4,13.01,2650,0.079
7.64,6.95,384.6,43.2,2.02,2.39,13.01,2650,0.086
7.64,7.02,384.7,42.9,1.5,2.37,13.22,2855,0.087
7.63,6.98,384.6,40.2,1.74,2.36,13.22,2855,0.079
7.63,6.95,384.7,41.5,2.14,2.35,13.22,2855,0.076
7.62,6.98,384.5,42.4,2.51,2.36,13.22,2855,0.071
7.67,6.99,384.1,42,2.18,2.38,13.22,2855,0.076
7.67,7.01,383.8,46.2,1.9,2.38,13.22,2855,0.085
7.66,7.05,383.5,45,1.5,2.37,13.335,3480,0.085
7.63,7.07,382.3,40.6,2,2.35,13.335,3480,0.079
7.63,7.08,381.5,44.2,2.28,2.35,13.335,3480,0.073
7.65,7.08,380.4,42.7,2.26,2.35,13.335,3480,0.073
7.66,7.11,378.9,41.9,2.01,2.36,13.335,3480,0.073
7.69,7.13,378.4,42,2.34,2.37,13.335,3480,0.084
7.68,7.16,378.5,40.3,2.03,2.3,13.385,3950,0.09
7.69,7.18,377,43.5,1.92,2.33,13.385,3950,0.086
7.65,7.2,375.7,40.2,1.53,2.3,13.385,3950,0.005
7.7,7.19,375,43.3,2.1,2.24,13.385,3950,0.077
7.68,7.21,373.6,45.1,2.38,2.29,13.385,3950,0.078
7.69,7.22,372.9,44.2,1.9,2.3,13.385,3950,0.084
7.67,7.2,372.7,42,1.79,2.21,13.3325,4045,0.084
7.68,7.21,372.7,41.5,2.35,2.25,13.3325,4045,0.082
7.68,7.18,371.9,40.6,1.79,2.21,13.3325,4045,0.005
7.68,7.19,371.5,47.5,2.03,2.23,13.3325,4045,0.079
7.68,7.14,370.4,52.3,2.06,2.25,13.3325,4045,0.083
7.67,7.17,368.4,56.5,2.3,2.25,13.3325,4045,0.092
7.65,7.1,367.7,60.2,1.85,2.27,13.23,4090,0.098
7.63,7.1,366.9,65.7,1.88,2.29,13.23,4090,0.102
7.66,7.05,366,60.3,2.06,2.29,13.23,4090,0.106
7.78,8.8,0.2,162,2.06,2.29,13.23,4090,0.106
7.64,6.98,364.4,54.2,1.6,2.33,13.08,4310,0.005
7.64,6.98,364.4,54.2,1.6,2.33,13.08,4310,0.005
7.62,7,391.4,53.9,2.58,2.33,13.08,4310,0.088
7.59,7.08,391.7,49.2,2.18,2.32,13.08,4310,0.096
7.56,7.16,391.5,43.7,1.71,2.26,12.925,4845,0.005
7.59,7.18,391.6,39.8,2.3,2.2,12.925,4845,0.09
7.63,7.19,391,40.6,2.41,2.24,12.925,4845,0.08
7.61,7.26,391.6,35.6,2.64,2.18,12.925,4845,0.08
7.59,7.26,390.9,35.9,1.99,2.18,12.72,5245,0.092
7.63,7.29,389.1,33.8,2.53,2.2,12.72,5245,0.077
7.65,7.32,388.5,31.8,2.28,2.19,12.72,5245,0.072
7.64,7.3,387.6,33.3,2.14,2.2,12.72,5245,0.07
7.61,7.28,386.4,31.9,1.42,2.22,12.45,5265,0.005
7.6,7.27,386.7,34.6,2.22,2.19,12.45,5265,0.071
7.6,7.32,387.2,36.6,2.72,2.26,12.45,5265,0.069
7.63,7.32,386.1,32.3,2.52,2.22,12.45,5265,0.066
7.62,7.24,386.5,32.9,2.08,2.23,12.45,5265,0.067
7.61,7.25,386.6,31.5,2.43,2.24,12.125,4935,0.064
7.6,7.23,387.5,29.8,2.22,2.27,12.125,4935,0.066
7.62,7.34,388.8,30,2.48,2.21,12.125,4935,0.064
7.63,7.29,388.1,30.6,2.26,2.24,12.125,4935,0.064
7.62,7.3,388.9,30.5,1.84,2.27,12.125,4935,0.065
7.6,7.25,391.5,30.7,1.79,2.26,11.785,4785,0.063
7.59,7.24,392.3,30,2.04,2.26,11.785,4785,0.062
7.6,7.31,393.9,35,2.55,2.24,11.785,4785,0.065
7.63,7.29,395.2,33.1,2.71,2.28,11.785,4785,0.066
7.62,7.3,397.3,28.1,2.27,2.3,11.785,4785,0.065
7.61,7.27,400.2,29.2,2.19,2.26,11.445,5110,0.062
7.6,7.3,402.5,31.1,2.22,2.27,11.445,5110,0.065
7.55,7.36,402,31.2,2.15,2.24,11.445,5110,0.059
7.68,7.24,402,31,1.67,2.27,11.445,5110,0.066
7.66,7.29,403.1,37.8,2.4,2.29,11.445,5110,0.068
7.63,7.34,405.2,30.4,2.17,2.27,11.13,4370,0.059
7.64,7.34,406.2,33.6,2.96,2.24,11.13,4370,0.067
7.65,7.36,406.6,56.4,2.74,2.36,11.13,4370,0.078
7.67,7.39,407.2,34.5,2.44,2.26,11.13,4370,0.066
7.66,7.39,408.2,32.7,2.46,2.24,11.13,4370,0.065
7.64,7.37,411,30.1,2.28,2.19,10.925,3570,0.087
7.64,7.34,412.3,31.6,2.77,2.21,10.925,3570,0.083
7.62,7.34,412.8,35.3,2.24,2.19,10.925,3570,0.075
7.63,7.31,413.1,34.5,2.66,2.23,10.925,3570,0.073
7.64,7.29,413.8,31.2,2.28,2.18,10.925,3570,0.081
7.61,7.26,413.8,29.6,2.27,2.17,10.8125,3410,0.104
7.62,7.19,413.5,33.5,2.24,2.11,10.8125,3410,0.096
7.63,7.19,413.4,34.5,2.09,2.1,10.8125,3410,0.084
7.63,7.18,413.3,34.1,2.47,2.14,10.8125,3410,0.077
7.63,7.14,417,32.2,1.98,2.1,10.775,3190,0.102
7.6,7.13,418.4,32.1,2.66,2.1,10.775,3190,0.094
7.63,7.09,418.8,32,2.14,2.07,10.775,3190,0.081
7.65,7.1,418.7,32.8,2.11,2.1,10.775,3190,0.072
7.62,7.01,418,31.5,2.76,2.07,10.775,3190,0.074
7.63,7,420.4,29.9,2.5,2.11,10.905,3305,0.076
7.66,6.8,418.6,30.9,2.1,2.1,10.905,3305,0.068
7.63,6.83,418.9,36.4,2.6,2.1,10.905,3305,0.069
7.63,6.84,418.5,27.6,1.89,2.05,11.07,3565,0.063
7.64,6.9,416.8,27.8,2.64,2.04,11.07,3565,0.061
7.65,6.87,415.3,28.4,2.45,2.03,11.07,3565,0.055
7.64,6.88,415.8,27.7,2.18,2.01,11.07,3565,0.065
7.58,6.86,417.2,27.3,2.34,2.04,11.19,4765,0.088
7.58,6.87,417.6,31.2,2.73,2,11.19,4765,0.083
7.57,6.94,418.3,31.1,2.42,2.02,11.24,5700,0.107
7.6,6.97,418,35.2,2.71,2.04,11.24,5700,0.099
7.64,6.98,416.4,34,2.27,1.95,11.24,5700,0.077
